 金額 ,車號,入場時間,離場時間
 820 ,BVG-6550,7/1/2024 13:11,7/2/2024 10:55
" 1,000 ",ATK-2290,1/31/2025 13:04,2/1/2025 7:33
" 3,290 ",RAE-3129,3/21/2025 13:17,3/24/2025 11:52
 130 ,BVG-6550,4/24/2025 22:17,4/25/2024 8:21
 60 ,RFP-3677,5/1/2025 9:19,5/1/2025 9:55
 60 ,BAQ-1177,5/1/2025 11:52,5/1/2025 12:45
 30 ,BXS-5606,5/1/2025 11:56,5/1/2025 12:03
 60 ,BZL-1550,5/1/2025 12:06,5/1/2025 12:49
 120 ,Aug-27,5/1/2025 12:48,5/1/2025 14:23
 90 ,331-N7,5/1/2025 12:54,5/1/2025 13:59
 30 ,EAF-7332,5/1/2025 14:55,5/1/2025 15:22
 60 ,BRS-9969,5/1/2025 16:33,5/1/2025 17:11
 120 ,BUL-7952,5/1/2025 17:25,5/1/2025 19:15
 90 ,1020-KL,5/1/2025 17:27,5/1/2025 18:35
 120 ,RCN-2592,5/1/2025 19:01,5/1/2025 20:41
 60 ,EAD-2538,5/1/2025 19:31,5/1/2025 20:14
 60 ,AJG-9255,5/1/2025 21:25,5/1/2025 21:59
 10 ,EBA-5191,5/1/2025 23:07,5/1/2025 23:58
 60 ,9293-L8,5/2/2025 10:51,5/2/2025 11:46
 60 ,7263-VC,5/2/2025 11:01,5/2/2025 11:47
 90 ,TDZ-3718,5/2/2025 11:58,5/2/2025 13:15
 120 ,BXF-2136,5/2/2025 12:00,5/2/2025 13:42
 90 ,3151-XJ,5/2/2025 13:22,5/2/2025 14:23
 60 ,BJP-1608,5/2/2025 13:44,5/2/2025 14:20
 180 ,BFP-8650,5/2/2025 14:52,5/2/2025 17:49
 30 ,BHX-1388,5/2/2025 14:53,5/2/2025 15:15
 60 ,7583-UY,5/2/2025 15:37,5/2/2025 16:34
 30 ,BEY-5359,5/2/2025 16:43,5/2/2025 16:50
 60 ,EAC-3507,5/2/2025 16:59,5/2/2025 17:39
 60 ,BQZ-9716,5/2/2025 17:42,5/2/2025 18:35
 180 ,ASE-8521,5/2/2025 18:08,5/2/2025 21:04
 90 ,RDZ-5920,5/2/2025 18:39,5/2/2025 19:56
 120 ,BEF-3788,5/2/2025 20:07,5/2/2025 21:54
 60 ,AUK-5388,5/2/2025 21:27,5/2/2025 22:13
 80 ,BSJ-9577,5/3/2025 11:23,5/3/2025 11:59
 40 ,AWK-2931,5/3/2025 11:34,5/3/2025 11:41
 40 ,6511-H7,5/3/2025 11:40,5/3/2025 12:09
 240 ,BLA-3336,5/3/2025 12:29,5/3/2025 15:10
 40 ,BCJ-9597,5/3/2025 12:34,5/3/2025 13:02
 120 ,BXH-0819,5/3/2025 13:39,5/3/2025 22:07
 40 ,BQY-5017,5/3/2025 15:13,5/3/2025 15:45
 40 ,EAH-6377,5/3/2025 15:19,5/3/2025 15:48
 240 ,BBW-6838,5/3/2025 16:02,5/3/2025 18:38
 80 ,BWC-7918,5/3/2025 16:09,5/3/2025 16:40
 120 ,ASQ-3051,5/3/2025 17:20,5/3/2025 18:33
 120 ,5596-S2,5/3/2025 18:45,5/3/2025 20:16
 80 ,AUK-5388,5/3/2025 19:14,5/3/2025 20:10
 80 ,BRB-1216,5/3/2025 20:17,5/3/2025 20:51
 40 ,RDZ-3393,5/4/2025 11:28,5/4/2025 11:59
 360 ,BKS-9393,5/4/2025 12:19,5/4/2025 16:24
 120 ,BWJ-6659,5/4/2025 12:39,5/4/2025 13:57
 80 ,AJG-8778,5/4/2025 13:59,5/4/2025 14:33
 80 ,BQK-6822,5/4/2025 14:37,5/4/2025 15:35
 120 ,RFJ-6823,5/4/2025 15:38,5/4/2025 16:41
 80 ,REC-3707,5/4/2025 17:07,5/4/2025 17:46
 40 ,BGE-9672,5/4/2025 17:15,5/4/2025 17:40
 320 ,AMX-5827,5/4/2025 18:16,5/4/2025 22:09
 120 ,AXG-1619,5/4/2025 18:17,5/4/2025 19:20
 10 ,AHU-2759,5/5/2025 7:55,5/5/2025 8:14
 150 ,EAF-7296,5/5/2025 10:57,5/5/2025 13:01
 30 ,BWF-1127,5/5/2025 11:14,5/5/2025 11:42
 60 ,AXA-3300,5/5/2025 11:45,5/5/2025 12:16
 90 ,BCG-9603,5/5/2025 12:24,5/5/2025 13:29
 120 ,BWZ-6900,5/5/2025 13:03,5/5/2025 14:36
 60 ,BTK-0527,5/5/2025 14:45,5/5/2025 15:38
 30 ,BLM-0689,5/5/2025 15:34,5/5/2025 15:56
 60 ,EAB-0606,5/5/2025 15:47,5/5/2025 16:24
 30 ,9E-66899,5/5/2025 17:13,5/5/2025 17:42
 60 ,8130-YV,5/5/2025 18:40,5/5/2025 19:20
 60 ,BXK-3018,5/5/2025 18:54,5/5/2025 19:27
 130 ,3770-QD,5/5/2025 20:03,5/5/2025 22:34
 60 ,BQQ-0896,5/5/2025 20:07,5/5/2025 20:56
 60 ,ANM-0560,5/5/2025 21:10,5/5/2025 21:50
 120 ,BFY-5251,5/6/2025 9:23,5/6/2025 10:55
 60 ,0688-DW,5/6/2025 12:03,5/6/2025 12:45
 60 ,ATY-3258,5/6/2025 12:32,5/6/2025 13:08
 60 ,EAF-3210,5/6/2025 12:52,5/6/2025 13:30
 60 ,BEJ-0677,5/6/2025 14:20,5/6/2025 15:00
 30 ,RDT-0667,5/6/2025 16:53,5/6/2025 17:14
 150 ,BSL-9711,5/6/2025 17:16,5/6/2025 19:33
 60 ,ANU-5226,5/6/2025 17:28,5/6/2025 18:10
 30 ,BPJ-8275,5/6/2025 18:26,5/6/2025 18:45
 60 ,RFF-8869,5/6/2025 18:58,5/6/2025 19:50
 60 ,TDL-2858,5/6/2025 19:34,5/6/2025 20:29
 110 ,AGT-5328,5/6/2025 20:56,5/7/2025 0:01
 80 ,AKE-3331,5/6/2025 21:19,5/7/2025 0:00
 60 ,AKS-7709,5/7/2025 12:08,5/7/2025 12:48
 60 ,BCG-9603,5/7/2025 12:19,5/7/2025 13:18
 30 ,RDD-7167,5/7/2025 13:01,5/7/2025 13:30
 30 ,BBJ-5055,5/7/2025 14:50,5/7/2025 15:20
 90 ,BFD-2033,5/7/2025 15:41,5/7/2025 16:49
 60 ,ATE-1928,5/7/2025 16:14,5/7/2025 16:59
 210 ,BUL-3857,5/7/2025 18:38,5/7/2025 21:50
 60 ,BZK-2883,5/7/2025 18:49,5/7/2025 19:34
 150 ,BLH-3938,5/7/2025 19:37,5/7/2025 22:15
 60 ,EAG-9193,5/8/2025 10:43,5/8/2025 11:23
 60 ,BWC-9177,5/8/2025 10:43,5/8/2025 11:24
 120 ,BBB-6936,5/8/2025 11:37,5/8/2025 13:14
 30 ,BFU-7761,5/8/2025 12:27,5/8/2025 12:41
 90 ,BWZ-6900,5/8/2025 13:48,5/8/2025 15:03
 30 ,BXA-6016,5/8/2025 15:22,5/8/2025 15:52
 30 ,ASC-3259,5/8/2025 15:59,5/8/2025 16:29
 60 ,BVH-5905,5/8/2025 16:32,5/8/2025 17:33
 90 ,BPL-3616,5/8/2025 18:05,5/8/2025 19:10
 30 ,RDP-8397,5/8/2025 18:15,5/8/2025 18:36
 60 ,BBU-8093,5/8/2025 18:51,5/8/2025 19:28
 30 ,AAM-5918,5/8/2025 19:14,5/8/2025 19:40
 90 ,BWL-0996,5/8/2025 19:30,5/8/2025 20:37
 160 ,BXT-3660,5/8/2025 19:41,5/8/2025 22:51
 10 ,AJF-5555,5/8/2025 22:42,5/8/2025 22:55
 30 ,BXD-5582,5/9/2025 10:51,5/9/2025 11:22
 60 ,RFM-6953,5/9/2025 11:34,5/9/2025 12:15
 60 ,BFP-3285,5/9/2025 11:35,5/9/2025 12:17
 60 ,BCG-9603,5/9/2025 12:26,5/9/2025 13:14
 90 ,ASW-1671,5/9/2025 12:31,5/9/2025 13:43
 60 ,TDW-3001,5/9/2025 13:33,5/9/2025 14:06
 90 ,9332-J7,5/9/2025 14:17,5/9/2025 15:22
 30 ,RDG-9278,5/9/2025 15:52,5/9/2025 16:16
 180 ,2125-YN,5/9/2025 15:55,5/9/2025 18:56
 30 ,BUK-8356,5/9/2025 16:22,5/9/2025 16:44
 60 ,HF-6668,5/9/2025 17:17,5/9/2025 18:10
 60 ,BWG-3120,5/9/2025 18:15,5/9/2025 18:46
 180 ,BRP-0652,5/9/2025 19:05,5/9/2025 21:53
 120 ,8E-5415,5/9/2025 19:06,5/9/2025 20:49
 110 ,AJN-2073,5/9/2025 20:52,5/9/2025 23:55
 280 ,BXV-2718,5/10/2025 12:15,5/10/2025 15:37
 40 ,BHC-5899,5/10/2025 12:30,5/10/2025 12:52
 120 ,BBB-1900,5/10/2025 12:53,5/10/2025 14:22
 240 ,AXY-0307,5/10/2025 14:44,5/10/2025 17:25
 40 ,BQU-5098,5/10/2025 16:04,5/10/2025 16:30
 200 ,RBU-8800,5/10/2025 16:59,5/10/2025 19:37
 80 ,AFZ-0017,5/10/2025 17:42,5/10/2025 18:21
 80 ,BLB-8289,5/10/2025 18:32,5/10/2025 19:09
 80 ,BZK-3698,5/10/2025 19:13,5/10/2025 20:09
 40 ,AJN-2073,5/10/2025 19:22,5/10/2025 19:51
 80 ,BXE-1297,5/10/2025 19:56,5/10/2025 20:51
 200 ,BXT-3660,5/10/2025 20:16,5/11/2025 1:56
 120 ,BQW-5076,5/10/2025 20:54,5/10/2025 22:14
 80 ,N2-8137,5/11/2025 10:41,5/11/2025 11:14
 200 ,RDZ-9299,5/11/2025 11:50,5/11/2025 14:18
 80 ,ALA-6312,5/11/2025 12:57,5/11/2025 13:51
 80 ,RFR-5609,5/11/2025 14:35,5/11/2025 15:15
 160 ,BXE-7856,5/11/2025 17:15,5/11/2025 18:59
 80 ,BKT-3989,5/11/2025 18:04,5/11/2025 18:52
 200 ,BTN-3920,5/11/2025 19:33,5/11/2025 21:36
 180 ,AUA-6028,5/12/2025 10:06,5/12/2025 12:56
 60 ,5353-G7,5/12/2025 10:29,5/12/2025 11:03
 120 ,AXF-5906,5/12/2025 11:20,5/12/2025 13:02
 60 ,AFS-3065,5/12/2025 12:59,5/12/2025 13:33
 60 ,2977-DQ,5/12/2025 13:05,5/12/2025 13:55
 30 ,BKS-9297,5/12/2025 13:35,5/12/2025 14:01
 60 ,AAY-8800,5/12/2025 13:57,5/12/2025 14:52
 30 ,BPS-3769,5/12/2025 14:07,5/12/2025 14:34
 90 ,1286-VH,5/12/2025 14:56,5/12/2025 16:00
 60 ,AXK-2053,5/12/2025 16:03,5/12/2025 16:39
 60 ,BMV-5555,5/12/2025 16:09,5/12/2025 16:45
 90 ,ATL-9930,5/12/2025 17:15,5/12/2025 18:43
 30 ,BWZ-8177,5/12/2025 17:16,5/12/2025 17:41
 30 ,RFA-9006,5/12/2025 17:43,5/12/2025 18:07
 60 ,BLJ-9115,5/12/2025 18:15,5/12/2025 18:49
 60 ,EAF-5130,5/12/2025 18:50,5/12/2025 19:23
 30 ,BKX-6012,5/12/2025 19:08,5/12/2025 19:29
 60 ,TDV-8837,5/12/2025 19:26,5/12/2025 20:22
 60 ,ABK-8876,5/12/2025 19:46,5/12/2025 20:46
 90 ,BZM-9872,5/12/2025 20:39,5/12/2025 22:02
 30 ,BGD-9878,5/12/2025 20:57,5/12/2025 21:15
 30 ,BZL-5629,5/13/2025 12:18,5/13/2025 12:48
 60 ,AJJ-0582,5/13/2025 12:24,5/13/2025 12:57
 30 ,ATU-5993,5/13/2025 13:45,5/13/2025 14:11
 90 ,BAP-5927,5/13/2025 13:49,5/13/2025 14:58
 90 ,BHA-0630,5/13/2025 14:43,5/13/2025 15:45
 30 ,EAH-3691,5/13/2025 17:26,5/13/2025 17:43
 90 ,BRZ-1125,5/13/2025 20:02,5/13/2025 21:11
 310 ,AXK-6988,5/13/2025 21:26,5/14/2025 10:56
 120 ,BTB-0982,5/14/2025 10:54,5/14/2025 12:29
 30 ,BQU-2777,5/14/2025 11:58,5/14/2025 12:19
 60 ,BNE-1709,5/14/2025 12:26,5/14/2025 13:04
 120 ,BCG-9603,5/14/2025 12:31,5/14/2025 14:07
 30 ,EBC-3936,5/14/2025 13:10,5/14/2025 13:41
 90 ,BMH-7767,5/14/2025 14:34,5/14/2025 15:38
 30 ,ATH-1726,5/14/2025 15:00,5/14/2025 15:14
 60 ,BHK-9009,5/14/2025 15:25,5/14/2025 16:08
 30 ,BWS-3976,5/14/2025 16:52,5/14/2025 17:20
 120 ,ASW-0828,5/14/2025 16:59,5/14/2025 18:57
 60 ,BYN-2759,5/14/2025 17:44,5/14/2025 18:21
 60 ,RF-9180,5/14/2025 18:30,5/14/2025 19:01
 30 ,5938-KZ,5/14/2025 19:23,5/14/2025 19:42
 30 ,AJN-2073,5/14/2025 19:53,5/14/2025 20:07
 80 ,AKE-3331,5/14/2025 21:11,5/15/2025 0:03
 90 ,BPJ-7396,5/15/2025 8:56,5/15/2025 10:20
 30 ,BPM-6196,5/15/2025 11:55,5/15/2025 12:19
 30 ,BAL-1669,5/15/2025 12:08,5/15/2025 12:21
 60 ,RFP-5687,5/15/2025 12:24,5/15/2025 13:08
 60 ,BXS-6983,5/15/2025 12:41,5/15/2025 13:31
 90 ,ANW-0558,5/15/2025 13:33,5/15/2025 14:55
 60 ,BQP-7556,5/15/2025 13:42,5/15/2025 14:28
 30 ,1717-MN,5/15/2025 15:03,5/15/2025 15:32
 60 ,AVC-3982,5/15/2025 15:12,5/15/2025 16:04
 90 ,8891-MT,5/15/2025 15:37,5/15/2025 16:53
 90 ,2511-YL,5/15/2025 18:56,5/15/2025 20:20
 30 ,BZN-8027,5/15/2025 19:18,5/15/2025 19:47
 90 ,BBA-8017,5/16/2025 10:05,5/16/2025 11:33
 30 ,BZQ-1501,5/16/2025 10:18,5/16/2025 10:31
 60 ,BZE-2329,5/16/2025 10:43,5/16/2025 11:26
 30 ,BEP-0999,5/16/2025 11:33,5/16/2025 12:03
 60 ,RDR-2989,5/16/2025 11:49,5/16/2025 12:26
 30 ,ATD-8886,5/16/2025 12:31,5/16/2025 12:51
 30 ,TDU-7083,5/16/2025 13:31,5/16/2025 13:58
 60 ,BTN-9700,5/16/2025 13:49,5/16/2025 14:32
 60 ,BNH-3293,5/16/2025 15:39,5/16/2025 16:25
 90 ,BWW-0930,5/16/2025 15:58,5/16/2025 17:27
 90 ,BMD-1111,5/16/2025 15:58,5/16/2025 17:58
 30 ,EAR-5273,5/16/2025 16:44,5/16/2025 16:58
 60 ,BTQ-9716,5/16/2025 17:49,5/16/2025 18:22
 60 ,AWE-2159,5/16/2025 18:39,5/16/2025 19:37
 60 ,BBJ-8293,5/16/2025 18:50,5/16/2025 19:23
 60 ,BSU-6985,5/16/2025 19:52,5/16/2025 20:27
 60 ,2511-YL,5/16/2025 20:16,5/16/2025 21:05
 90 ,ATG-3895,5/16/2025 20:54,5/16/2025 22:00
 80 ,RDD-0209,5/17/2025 12:01,5/17/2025 13:00
 200 ,BQQ-6119,5/17/2025 12:11,5/17/2025 14:28
 80 ,ATJ-2234,5/17/2025 13:03,5/17/2025 13:41
 80 ,BSV-5356,5/17/2025 13:55,5/17/2025 14:31
 40 ,AJA-0726,5/17/2025 14:32,5/17/2025 14:56
 160 ,1177-G2,5/17/2025 14:34,5/17/2025 16:23
 200 ,BJS-7168,5/17/2025 14:57,5/17/2025 17:04
 80 ,BBT-6558,5/17/2025 16:28,5/17/2025 17:02
 120 ,BUX-2228,5/17/2025 17:14,5/17/2025 18:20
 120 ,BGU-3197,5/17/2025 17:24,5/17/2025 18:36
 80 ,0836-ZA,5/17/2025 18:21,5/17/2025 19:06
 160 ,ATB-6823,5/17/2025 18:36,5/17/2025 20:37
 120 ,BGN-9169,5/17/2025 19:04,5/17/2025 20:29
 20 ,ATB-6823,5/17/2025 22:46,5/18/2025 0:31
 80 ,BLQ-7979,5/18/2025 10:49,5/18/2025 11:32
 120 ,1506-YK,5/18/2025 10:51,5/18/2025 12:10
 80 ,AUT-6677,5/18/2025 11:45,5/18/2025 12:31
 160 ,AKL-7213,5/18/2025 12:13,5/18/2025 13:59
 80 ,BEK-0332,5/18/2025 13:16,5/18/2025 14:08
 120 ,5757-K8,5/18/2025 14:07,5/18/2025 15:22
 40 ,A5-4729,5/18/2025 14:12,5/18/2025 14:33
 40 ,BQZ-7695,5/18/2025 14:35,5/18/2025 14:57
 120 ,EBB-2722,5/18/2025 15:03,5/18/2025 16:23
 200 ,BBY-8377,5/18/2025 15:29,5/18/2025 17:33
 120 ,AUJ-9515,5/18/2025 16:52,5/18/2025 17:57
 120 ,0323-0323,5/18/2025 17:36,5/18/2025 18:39
 40 ,BFP-2109,5/18/2025 18:00,5/18/2025 18:27
 80 ,BWZ-6900,5/18/2025 19:44,5/18/2025 20:27
 90 ,BSA-7556,5/18/2025 21:21,5/18/2025 23:10
 340 ,3750-FJ,5/18/2025 22:08,5/19/2025 12:01
 60 ,BQU-5331,5/19/2025 11:44,5/19/2025 12:24
 540 ,AWD-7726,5/19/2025 12:31,5/19/2025 21:04
 60 ,CAX-5168,5/19/2025 12:34,5/19/2025 13:22
 180 ,BKT-2828,5/19/2025 13:58,5/19/2025 16:52
 210 ,AAC-6515,5/19/2025 17:17,5/19/2025 20:40
 40 ,BXL-8150,5/19/2025 21:46,5/19/2025 23:19
 310 ,AXK-6988,5/19/2025 21:52,5/20/2025 10:57
 60 ,BWF-1127,5/20/2025 12:12,5/20/2025 12:51
 150 ,BAP-9552,5/20/2025 12:30,5/20/2025 14:37
 90 ,BPJ-7396,5/20/2025 13:45,5/20/2025 15:04
 30 ,BQZ-7695,5/20/2025 14:56,5/20/2025 15:21
 120 ,2511-YL,5/20/2025 16:25,5/20/2025 18:24
 60 ,RDT-2211,5/20/2025 18:28,5/20/2025 19:14
 30 ,3160-L8,5/20/2025 19:06,5/20/2025 19:36
 60 ,TDW-0202,5/20/2025 19:16,5/20/2025 20:16
 50 ,BXU-8032,5/20/2025 21:49,5/21/2025 0:08
 120 ,BYA-8886,5/21/2025 10:54,5/21/2025 12:50
 30 ,BEL-0080,5/21/2025 11:13,5/21/2025 11:25
 30 ,BXJ-8958,5/21/2025 11:58,5/21/2025 12:15
 60 ,BQT-8980,5/21/2025 12:24,5/21/2025 12:59
 60 ,BCG-9603,5/21/2025 12:57,5/21/2025 13:38
 60 ,BZC-3731,5/21/2025 12:59,5/21/2025 13:48
 30 ,RFM-9098,5/21/2025 13:54,5/21/2025 14:24
 60 ,BYU-5339,5/21/2025 14:12,5/21/2025 14:58
 30 ,AUP-1168,5/21/2025 14:45,5/21/2025 15:13
 30 ,RDT-0667,5/21/2025 15:49,5/21/2025 16:03
 60 ,BLV-0911,5/21/2025 16:15,5/21/2025 16:47
 60 ,BPJ-7396,5/21/2025 16:56,5/21/2025 17:51
 30 ,BPJ-6200,5/21/2025 17:15,5/21/2025 17:34
 60 ,EAA-5755,5/21/2025 17:53,5/21/2025 18:26
 30 ,BKM-1931,5/21/2025 18:02,5/21/2025 18:26
 150 ,BXH-9861,5/21/2025 19:16,5/21/2025 21:24
 90 ,BSK-2123,5/21/2025 19:30,5/21/2025 20:32
 60 ,BGB-3353,5/21/2025 21:07,5/21/2025 21:51
 40 ,ABF-7361,5/22/2025 2:22,5/22/2025 5:37
 60 ,8927-UW,5/22/2025 10:35,5/22/2025 11:24
 60 ,EAG-1029,5/22/2025 12:11,5/22/2025 13:08
 60 ,EBB-7592,5/22/2025 12:39,5/22/2025 13:15
 30 ,BZK-9918,5/22/2025 13:39,5/22/2025 13:57
 150 ,BXK-6855,5/22/2025 14:00,5/22/2025 16:29
 120 ,BEM-8091,5/22/2025 16:15,5/22/2025 18:02
 60 ,BTP-2762,5/22/2025 16:48,5/22/2025 17:21
 30 ,BCK-5395,5/22/2025 19:22,5/22/2025 19:51
 60 ,ANX-0872,5/22/2025 20:22,5/22/2025 20:55
 90 ,BPJ-7396,5/23/2025 8:52,5/23/2025 10:01
 60 ,5N-3339,5/23/2025 11:41,5/23/2025 12:42
 60 ,BTT-6875,5/23/2025 11:58,5/23/2025 12:51
 60 ,7031-EV,5/23/2025 12:46,5/23/2025 13:24
 30 ,BXL-1203,5/23/2025 13:01,5/23/2025 13:24
 60 ,BLL-8787,5/23/2025 13:26,5/23/2025 14:13
 30 ,EAJ-8961,5/23/2025 13:29,5/23/2025 13:49
 60 ,BWZ-6900,5/23/2025 14:08,5/23/2025 14:52
 240 ,BVT-0108,5/23/2025 14:59,5/23/2025 18:58
 30 ,BLD-2877,5/23/2025 15:12,5/23/2025 15:18
 60 ,TDX-1936,5/23/2025 15:56,5/23/2025 16:38
 300 ,BXJ-3186,5/23/2025 16:44,5/23/2025 21:28
 90 ,BKJ-0910,5/23/2025 19:36,5/23/2025 21:05
 80 ,AGB-9668,5/24/2025 10:22,5/24/2025 11:09
 80 ,AYU-8687,5/24/2025 11:26,5/24/2025 12:07
 40 ,BTU-2011,5/24/2025 11:44,5/24/2025 11:46
 80 ,ATV-8318,5/24/2025 12:09,5/24/2025 12:48
 160 ,BZQ-8089,5/24/2025 12:11,5/24/2025 13:53
 120 ,BQP-2601,5/24/2025 12:50,5/24/2025 14:06
 80 ,APL-3979,5/24/2025 13:54,5/24/2025 14:32
 80 ,AYD-6833,5/24/2025 14:12,5/24/2025 15:13
 120 ,BFF-3103,5/24/2025 15:02,5/24/2025 16:12
 40 ,AXU-1912,5/24/2025 15:19,5/24/2025 15:41
 40 ,BVL-0815,5/24/2025 16:45,5/24/2025 17:14
 40 ,BBQ-2128,5/24/2025 17:01,5/24/2025 17:22
 80 ,BKH-1781,5/24/2025 17:35,5/24/2025 18:23
 40 ,BKA-0859,5/24/2025 18:12,5/24/2025 18:37
 80 ,ARN-3078,5/24/2025 18:41,5/24/2025 19:20
 120 ,BYA-2082,5/24/2025 18:41,5/24/2025 20:08
 80 ,BQS-9192,5/24/2025 19:09,5/24/2025 20:01
 40 ,BPJ-9608,5/24/2025 20:05,5/24/2025 20:21
 160 ,AMY-0785,5/24/2025 20:05,5/24/2025 22:28
 50 ,BYY-6006,5/25/2025 7:31,5/25/2025 8:08
 120 ,RDK-1982,5/25/2025 11:46,5/25/2025 13:02
 80 ,AVX-5678,5/25/2025 11:55,5/25/2025 12:54
 80 ,BPP-8513,5/25/2025 13:00,5/25/2025 13:44
 80 ,BGK-9723,5/25/2025 13:06,5/25/2025 13:46
 40 ,ASQ-2380,5/25/2025 13:49,5/25/2025 14:12
 40 ,BWZ-9135,5/25/2025 13:50,5/25/2025 14:20
 80 ,AQB-2667,5/25/2025 14:14,5/25/2025 14:58
 40 ,BDM-0390,5/25/2025 14:33,5/25/2025 14:37
 560 ,DM-7776,5/25/2025 14:46,5/25/2025 21:30
 80 ,BAJ-6890,5/25/2025 16:02,5/25/2025 16:52
 120 ,BBG-9263,5/25/2025 16:58,5/25/2025 18:06
 80 ,2198-J6,5/25/2025 18:09,5/25/2025 19:11
 120 ,BBY-0888,5/25/2025 19:16,5/25/2025 20:32
 40 ,8E-5415,5/25/2025 21:28,5/25/2025 21:41
 60 ,BZM-8135,5/25/2025 22:46,5/26/2025 4:18
 120 ,BPP-0101,5/26/2025 10:16,5/26/2025 11:54
 90 ,TDV-6879,5/26/2025 10:17,5/26/2025 11:25
 60 ,0256-KH,5/26/2025 11:41,5/26/2025 12:17
 60 ,CH-8755,5/26/2025 12:27,5/26/2025 12:59
 60 ,AXA-2355,5/26/2025 12:30,5/26/2025 13:12
 60 ,BUC-3399,5/26/2025 13:03,5/26/2025 13:46
 30 ,BQS-7928,5/26/2025 13:15,5/26/2025 13:38
 60 ,7707-A5,5/26/2025 13:49,5/26/2025 14:32
 60 ,3322-LM,5/26/2025 14:37,5/26/2025 15:23
 30 ,EAJ-6220,5/26/2025 15:13,5/26/2025 15:35
 30 ,HQ-5858,5/26/2025 15:47,5/26/2025 16:18
 90 ,BMB-5009,5/26/2025 15:48,5/26/2025 17:16
 60 ,TDX-1936,5/26/2025 16:53,5/26/2025 17:26
 60 ,ALM-6731,5/26/2025 17:30,5/26/2025 18:15
 90 ,Aug-27,5/26/2025 18:47,5/26/2025 20:13
 30 ,BZN-827,5/26/2025 18:59,5/26/2025 19:28
 60 ,BQR-0228,5/26/2025 19:57,5/26/2025 20:47
 60 ,2511-YL,5/26/2025 20:32,5/26/2025 21:03
 60 ,BYZ-3558,5/27/2025 11:14,5/27/2025 11:48
 90 ,3E-1111,5/27/2025 11:16,5/27/2025 12:18
 30 ,4380-YT,5/27/2025 12:06,5/27/2025 12:35
 60 ,ATE-6650,5/27/2025 12:23,5/27/2025 12:57
 90 ,BCG-9603,5/27/2025 12:34,5/27/2025 13:55
 60 ,AAF-7529,5/27/2025 14:17,5/27/2025 14:56
 60 ,BHA-0630,5/27/2025 14:47,5/27/2025 15:38
 30 ,BHA-9953,5/27/2025 15:31,5/27/2025 16:00
 60 ,RFE-6691,5/27/2025 16:27,5/27/2025 17:18
 90 ,BCK-9025,5/27/2025 18:07,5/27/2025 19:16
 120 ,EAF-5130,5/27/2025 18:55,5/27/2025 20:33
 60 ,AGP-0620,5/27/2025 19:19,5/27/2025 20:20
 60 ,BXK-3318,5/27/2025 20:30,5/27/2025 21:09
 100 ,BXU-8032,5/27/2025 20:45,5/27/2025 23:40
 60 ,BXL-8150,5/27/2025 21:24,5/27/2025 22:10
 30 ,AAE-2676,5/28/2025 11:37,5/28/2025 12:06
 30 ,ARN-9529,5/28/2025 11:49,5/28/2025 12:13
 60 ,2131-J5,5/28/2025 12:16,5/28/2025 13:01
 30 ,BUL-9718,5/28/2025 13:06,5/28/2025 13:34
 60 ,BBU-3278,5/28/2025 14:17,5/28/2025 15:01
 60 ,BRF-0777,5/28/2025 15:28,5/28/2025 16:05
 60 ,7310-L8,5/28/2025 15:43,5/28/2025 16:31
 90 ,BRB-1216,5/28/2025 16:14,5/28/2025 17:23
 120 ,BZN-8027,5/28/2025 18:11,5/28/2025 20:02
 30 ,BFV-0986,5/28/2025 19:10,5/28/2025 19:40
 90 ,EBB-0009,5/28/2025 20:23,5/28/2025 21:35
 90 ,BCG-9603,5/29/2025 12:27,5/29/2025 13:30
 240 ,BTR-9086,5/29/2025 12:43,5/29/2025 16:16
 150 ,BEF-3788,5/29/2025 14:26,5/29/2025 16:31
 60 ,BDC-6652,5/29/2025 17:25,5/29/2025 18:06
 120 ,RFM-9987,5/29/2025 17:33,5/29/2025 19:22
 90 ,8E-5415,5/29/2025 19:41,5/29/2025 21:08
 30 ,EAF-3388,5/29/2025 20:15,5/29/2025 20:46
 30 ,BVU-9192,5/29/2025 21:14,5/29/2025 21:41
 30 ,0395-W3,5/29/2025 21:20,5/29/2025 21:30
 80 ,BEM-9278,5/30/2025 12:24,5/30/2025 13:22
 80 ,BQY-0331,5/30/2025 12:49,5/30/2025 13:23
 40 ,BUN-9893,5/30/2025 13:35,5/30/2025 14:04
 80 ,BUX-2252,5/30/2025 13:36,5/30/2025 14:22
 160 ,BXE-7856,5/30/2025 14:06,5/30/2025 15:46
 80 ,TDU-9785,5/30/2025 14:34,5/30/2025 15:31
 240 ,BTR-9086,5/30/2025 16:10,5/30/2025 18:43
 80 ,APP-1273,5/30/2025 16:28,5/30/2025 17:08
 160 ,RDZ-5920,5/30/2025 17:17,5/30/2025 19:00
 120 ,ASE-8256,5/30/2025 18:50,5/30/2025 20:14
 120 ,AWK-6211,5/30/2025 19:05,5/30/2025 20:30
 170 ,BPP-6887,5/30/2025 20:19,5/30/2025 22:49
 120 ,BEM-7918,5/30/2025 20:46,5/30/2025 22:17
 80 ,AZB-1057,5/31/2025 10:19,5/31/2025 10:54
 40 ,AFN-9975,5/31/2025 11:55,5/31/2025 12:05
 80 ,BDB-3010,5/31/2025 12:10,5/31/2025 12:44
 80 ,5879-B8,5/31/2025 12:15,5/31/2025 13:05
 80 ,BTW-3265,5/31/2025 12:52,5/31/2025 13:25
 280 ,BXB-1205,5/31/2025 13:17,5/31/2025 16:46
 80 ,BQQ-8160,5/31/2025 13:28,5/31/2025 14:03
 40 ,EAG-7169,5/31/2025 14:31,5/31/2025 18:03
 160 ,BYA-2572,5/31/2025 15:08,5/31/2025 18:40
 80 ,2885-YN,5/31/2025 16:59,5/31/2025 17:48
 40 ,RFC-2358,5/31/2025 17:10,5/31/2025 17:36
 120 ,6127-RK,5/31/2025 17:51,5/31/2025 18:58
 80 ,BPR-5366,5/31/2025 17:59,5/31/2025 18:58
 120 ,BXK-8566,5/31/2025 19:01,5/31/2025 20:27
 280 ,RFE-8086,5/31/2025 19:06,6/1/2025 1:47
 160 ,AWX-1886,5/31/2025 20:29,5/31/2025 22:22
 80 ,1675-R8,6/1/2025 11:19,6/1/2025 11:52
 80 ,AKL-0670,6/1/2025 11:24,6/1/2025 12:02
 120 ,AVV-0228,6/1/2025 11:56,6/1/2025 13:12
 80 ,BAW-7367,6/1/2025 12:03,6/1/2025 12:38
 120 ,BFD-5166,6/1/2025 12:40,6/1/2025 13:53
 80 ,ARL-8033,6/1/2025 13:19,6/1/2025 14:07
 80 ,ATX-1038,6/1/2025 13:57,6/1/2025 14:41
 160 ,BEJ-9777,6/1/2025 14:10,6/1/2025 16:07
 80 ,BKS-2100,6/1/2025 14:43,6/1/2025 15:19
 160 ,BKR-0201,6/1/2025 15:55,6/1/2025 17:28
 400 ,AGL-6056,6/1/2025 16:19,6/1/2025 20:51
 200 ,BCS-5518,6/1/2025 17:31,6/1/2025 19:33
 210 ,AKE-3331,6/1/2025 19:48,6/1/2025 23:28
 80 ,8E-5415,6/1/2025 21:10,6/1/2025 22:00
 40 ,AAY-8515,6/2/2025 7:12,6/2/2025 8:26
 30 ,BTU-1621,6/2/2025 9:57,6/2/2025 10:23
 60 ,AWH-5282,6/2/2025 12:27,6/2/2025 13:07
 30 ,TDZ-5269,6/2/2025 12:30,6/2/2025 12:58
 60 ,BHU-3939,6/2/2025 14:21,6/2/2025 14:52
 60 ,8615-J3,6/2/2025 14:28,6/2/2025 15:09
 90 ,PBJ-7396,6/2/2025 15:06,6/2/2025 16:16
 120 ,BYA-8886,6/2/2025 15:55,6/2/2025 17:26
 30 ,EAF-5887,6/2/2025 16:27,6/2/2025 16:53
 60 ,BJU-0202,6/2/2025 17:16,6/2/2025 17:59
 90 ,AKL-0897,6/2/2025 18:21,6/2/2025 19:34
 90 ,RFN-2657,6/2/2025 19:11,6/2/2025 20:21
 90 ,EBH-5602,6/2/2025 20:18,6/2/2025 21:30
 90 ,TDW-0202,6/2/2025 20:40,6/2/2025 21:45
 20 ,BXL-8150,6/2/2025 22:19,6/2/2025 23:47
 120 ,BPJ-7396,6/3/2025 8:42,6/3/2025 10:24
 30 ,0939-B9,6/3/2025 10:27,6/3/2025 10:45
 30 ,AGP-0620,6/3/2025 12:43,6/3/2025 13:08
 60 ,BKS-6165,6/3/2025 13:54,6/3/2025 14:29
 270 ,BSN-3391,6/3/2025 14:26,6/3/2025 18:33
 30 ,AKY-9050,6/3/2025 15:01,6/3/2025 15:23
 90 ,BWZ-6900,6/3/2025 15:52,6/3/2025 17:20
 60 ,BWD-1228,6/3/2025 17:35,6/3/2025 18:33
 30 ,EAA-1261,6/3/2025 18:53,6/3/2025 19:24
 60 ,AXU-5263,6/3/2025 18:55,6/3/2025 19:45
 60 ,BHG-5555,6/3/2025 20:41,6/3/2025 21:28
 120 ,BPJ-7396,6/4/2025 8:58,6/4/2025 10:28
 30 ,BQT-8980,6/4/2025 11:39,6/4/2025 12:01
 30 ,AXD-9136,6/4/2025 12:08,6/4/2025 12:33
 30 ,AYK-2662,6/4/2025 12:37,6/4/2025 13:03
 90 ,BCG-9603,6/4/2025 12:37,6/4/2025 14:09
 90 ,TDX-2529,6/4/2025 13:08,6/4/2025 14:14
 60 ,BRB-1216,6/4/2025 15:26,6/4/2025 16:11
 30 ,ABN-1088,6/4/2025 15:38,6/4/2025 15:58
 60 ,AGV-6070,6/4/2025 16:03,6/4/2025 17:00
 120 ,BSK-0057,6/4/2025 16:45,6/4/2025 18:17
 90 ,EAC-1055,6/4/2025 17:44,6/4/2025 18:59
 30 ,2136-H9,6/4/2025 19:10,6/4/2025 19:38
 90 ,ANM-1698,6/4/2025 19:26,6/4/2025 20:56
 150 ,BUA-3715,6/5/2025 10:19,6/5/2025 12:29
 30 ,ATD-6239,6/5/2025 13:13,6/5/2025 13:39
 60 ,BYA-7383,6/5/2025 13:16,6/5/2025 13:50
 30 ,BSG-3055,6/5/2025 13:47,6/5/2025 14:15
 90 ,BYM-2325,6/5/2025 15:20,6/5/2025 16:39
 30 ,AYG-3391,6/5/2025 15:37,6/5/2025 16:03
 30 ,BZN-5336,6/5/2025 17:48,6/5/2025 18:18
 60 ,BWD-6393,6/5/2025 18:08,6/5/2025 18:53
 60 ,BVG-2760,6/5/2025 18:26,6/5/2025 19:26
 90 ,1069-EP,6/5/2025 20:24,6/5/2025 21:41
 60 ,BNV-2771,6/6/2025 11:19,6/6/2025 11:52
 30 ,EAF-1688,6/6/2025 11:53,6/6/2025 12:24
 30 ,AFF-8128,6/6/2025 12:06,6/6/2025 12:29
 90 ,BBA-3968,6/6/2025 12:27,6/6/2025 13:40
 60 ,BXF-6518,6/6/2025 12:33,6/6/2025 13:13
 120 ,APF-6011,6/6/2025 13:25,6/6/2025 14:57
 120 ,BDZ-3689,6/6/2025 13:56,6/6/2025 15:47
 60 ,BLL-8787,6/6/2025 15:36,6/6/2025 16:18
 30 ,BYN-2759,6/6/2025 15:58,6/6/2025 16:02
 60 ,BNA-972,6/6/2025 16:18,6/6/2025 17:05
 30 ,BZH-9918,6/6/2025 16:49,6/6/2025 17:16
 150 ,BUN-2759,6/6/2025 17:26,6/6/2025 19:28
 120 ,ATY-9703,6/6/2025 17:31,6/6/2025 19:16
 60 ,6303-E8,6/6/2025 19:20,6/6/2025 20:06
 60 ,BQS-1970,6/6/2025 19:41,6/6/2025 20:14
 60 ,AXA-3300,6/6/2025 20:20,6/6/2025 21:10
 60 ,AAT-3016,6/6/2025 20:29,6/6/2025 21:17
 30 ,AND-0566,6/6/2025 21:55,6/6/2025 22:54
 10 ,2511-YL,6/6/2025 22:30,6/6/2025 22:47
 10 ,BXB-1205,6/7/2025 0:18,6/7/2025 1:07
 40 ,ABZ-8393,6/7/2025 11:18,6/7/2025 11:45
 40 ,RDZ-7252,6/7/2025 12:38,6/7/2025 13:01
 80 ,BGK-0268,6/7/2025 12:39,6/7/2025 13:16
 80 ,BUK-2923,6/7/2025 13:08,6/7/2025 13:51
 80 ,3037-PK,6/7/2025 13:24,6/7/2025 14:18
 40 ,BMC-7281,6/7/2025 13:57,6/7/2025 14:05
 80 ,BF-0026,6/7/2025 14:41,6/7/2025 15:33
 80 ,BJC-7698,6/7/2025 14:56,6/7/2025 15:31
 200 ,EAC-3612,6/7/2025 15:38,6/7/2025 17:43
 80 ,RFH-0828,6/7/2025 15:41,6/7/2025 16:32
 160 ,BTR-9086,6/7/2025 16:46,6/7/2025 18:39
 240 ,BVV-6912,6/7/2025 17:51,6/7/2025 20:28
 200 ,BFX-6256,6/7/2025 18:43,6/7/2025 20:57
 80 ,BZC-6922,6/7/2025 20:31,6/7/2025 21:06
 50 ,BGL-1027,6/7/2025 21:37,6/7/2025 22:48
 80 ,AKE-3331,6/7/2025 22:17,6/8/2025 5:29
 200 ,BTV-9336,6/8/2025 9:49,6/8/2025 12:13
 160 ,ANE-2691,6/8/2025 10:38,6/8/2025 12:17
 160 ,AVE-5780,6/8/2025 12:15,6/8/2025 14:15
 80 ,2167-J9,6/8/2025 12:24,6/8/2025 13:19
 120 ,BKS-9393,6/8/2025 13:21,6/8/2025 14:46
 40 ,A5-4729,6/8/2025 14:19,6/8/2025 14:46
 120 ,BQX-6758,6/8/2025 14:53,6/8/2025 18:21
 160 ,EBB-0009,6/8/2025 15:40,6/8/2025 17:15
 160 ,BTR-9086,6/8/2025 16:29,6/8/2025 18:01
 160 ,BWD-6829,6/8/2025 17:20,6/8/2025 19:08
 200 ,EAB-6673,6/8/2025 18:01,6/8/2025 21:25
 160 ,8E-5415,6/8/2025 19:11,6/8/2025 20:49
 60 ,1578-UT,6/9/2025 8:53,6/9/2025 9:31
 120 ,BGF-0133,6/9/2025 11:28,6/9/2025 13:17
 120 ,EAH-7276,6/9/2025 11:30,6/9/2025 13:17
 30 ,ANN-3281,6/9/2025 13:29,6/9/2025 13:32
 30 ,ALL-1636,6/9/2025 13:29,6/9/2025 21:59
 30 ,AWD-7726,6/9/2025 13:35,6/9/2025 14:00
 60 ,BQQ-0896,6/9/2025 14:05,6/9/2025 14:50
 60 ,BAL-2360,6/9/2025 14:05,6/9/2025 15:13
 30 ,RFQ-7125,6/9/2025 14:58,6/9/2025 15:26
 330 ,6851-N6,6/9/2025 15:11,6/9/2025 20:23
 90 ,APK-3789,6/9/2025 15:32,6/9/2025 16:42
 120 ,BQK-9981,6/9/2025 17:29,6/9/2025 19:14
 60 ,BBR-7555,6/9/2025 19:24,6/9/2025 20:21
 30 ,ANZ-2528,6/10/2025 10:01,6/10/2025 10:30
 90 ,ATU-7625,6/10/2025 10:47,6/10/2025 11:51
 60 ,BPL-7902,6/10/2025 10:53,6/10/2025 11:45
 60 ,BQT-8980,6/10/2025 12:07,6/10/2025 12:46
 90 ,BJM-2399,6/10/2025 12:27,6/10/2025 13:30
 30 ,BQM-1818,6/10/2025 13:27,6/10/2025 13:53
 30 ,BMX-5350,6/10/2025 13:50,6/10/2025 14:12
 90 ,AAG-8271,6/10/2025 14:52,6/10/2025 15:53
 150 ,AFH-2100,6/10/2025 16:00,6/10/2025 18:14
 30 ,RDT-0667,6/10/2025 16:02,6/10/2025 16:20
 60 ,BAZ-7705,6/10/2025 16:37,6/10/2025 17:34
 60 ,BEH-2239,6/10/2025 17:57,6/10/2025 18:35
 120 ,BGC-5876,6/10/2025 18:35,6/10/2025 20:22
 60 ,AXB-3229,6/10/2025 18:39,6/10/2025 19:21
 30 ,EBC-3936,6/11/2025 12:17,6/11/2025 12:37
 60 ,ATF-9235,6/11/2025 12:50,6/11/2025 13:22
 60 ,BXA-9757,6/11/2025 12:54,6/11/2025 13:31
 180 ,RFH-0006,6/11/2025 13:36,6/11/2025 16:24
 120 ,BWJ-8875,6/11/2025 14:04,6/11/2025 15:58
 120 ,AWA-8668,6/11/2025 16:03,6/11/2025 17:47
 30 ,AAY-3138,6/11/2025 16:27,6/11/2025 16:45
 60 ,BGD-9878,6/11/2025 17:47,6/11/2025 18:18
 60 ,BXB-1205,6/11/2025 18:22,6/11/2025 19:19
 120 ,BPP-6887,6/11/2025 19:36,6/11/2025 21:31
 150 ,BUK-2923,6/11/2025 19:36,6/12/2025 11:35
 30 ,2367-N3,6/12/2025 11:53,6/12/2025 12:21
 60 ,BAW-7367,6/12/2025 12:01,6/12/2025 12:33
 60 ,RFQ-9838,6/12/2025 12:55,6/12/2025 13:49
 60 ,ATL-2302,6/12/2025 14:12,6/12/2025 14:49
 60 ,CAM-1186,6/12/2025 14:16,6/12/2025 14:57
 30 ,BQK-1920,6/12/2025 16:03,6/12/2025 16:28
 30 ,TDV-5008,6/12/2025 16:27,6/12/2025 16:56
 30 ,BXF-8592,6/12/2025 16:33,6/12/2025 16:56
 30 ,BZE-6628,6/12/2025 17:22,6/12/2025 17:51
 90 ,RDU-6777,6/12/2025 18:13,6/12/2025 19:42
 60 ,BUK-2317,6/12/2025 18:19,6/12/2025 19:11
 60 ,BZD-7035,6/12/2025 19:46,6/12/2025 20:31
 30 ,6511-H7,6/13/2025 11:17,6/13/2025 11:34
 30 ,RDM-3877,6/13/2025 11:19,6/13/2025 11:45
 30 ,BWK-7908,6/13/2025 12:05,6/13/2025 16:05
 450 ,ASF-1986,6/13/2025 12:13,6/13/2025 19:19
 60 ,BFX-8565,6/13/2025 12:30,6/13/2025 13:12
 60 ,APP-1380,6/13/2025 13:16,6/13/2025 14:09
 120 ,BFA-1896,6/13/2025 14:12,6/13/2025 15:50
 60 ,RDG-8858,6/13/2025 16:16,6/13/2025 16:49
 30 ,TDV-5008,6/13/2025 16:33,6/13/2025 15:39
 30 ,BZC-0210,6/13/2025 17:03,6/13/2025 17:34
 90 ,BEL-1619,6/13/2025 17:41,6/13/2025 18:48
 150 ,AXS-8679,6/13/2025 18:51,6/13/2025 21:00
 60 ,BWZ-6900,6/13/2025 19:29,6/13/2025 20:08
 100 ,BJN-3600,6/13/2025 20:57,6/13/2025 23:36
 60 ,2511-YL,6/13/2025 21:10,6/13/2025 21:46
 80 ,RDP-6099,6/14/2025 10:22,6/14/2025 11:14
 80 ,ACA-1159,6/14/2025 11:10,6/14/2025 11:59
 40 ,BYL-6772,6/14/2025 11:19,6/14/2025 11:46
 80 ,AGU-7158,6/14/2025 12:06,6/14/2025 12:52
 80 ,ATN-0872,6/14/2025 12:10,6/14/2025 12:55
 40 ,BMC-7281,6/14/2025 12:53,6/14/2025 13:05
 80 ,4038-EN,6/14/2025 12:59,6/14/2025 13:56
 40 ,3322-LM,6/14/2025 13:48,6/14/2025 13:58
 40 ,BDF-9938,6/14/2025 14:00,6/14/2025 14:29
 120 ,BXV-2211,6/14/2025 14:15,6/14/2025 15:45
 80 ,9166-J8,6/14/2025 14:31,6/14/2025 15:06
 200 ,7397-YS,6/14/2025 15:08,6/14/2025 17:16
 200 ,AAS-8568,6/14/2025 17:24,6/14/2025 19:29
 160 ,BEC-7598,6/14/2025 19:02,6/14/2025 20:53
 80 ,BFX-3901,6/14/2025 19:32,6/14/2025 20:14
 150 ,AKE-3331,6/14/2025 20:52,6/15/2025 0:58
 50 ,BQS-2068,6/14/2025 21:47,6/14/2025 23:45
 40 ,RDZ-3393,6/15/2025 11:07,6/15/2025 11:34
 80 ,AMA-1015,6/15/2025 11:52,6/15/2025 12:27
 80 ,AAN-8710,6/15/2025 12:12,6/15/2025 12:46
 80 ,BXZ-0858,6/15/2025 12:30,6/15/2025 13:10
 120 ,BAR-6999,6/15/2025 12:59,6/15/2025 14:09
 160 ,BLK-0998,6/15/2025 13:17,6/15/2025 14:56
 40 ,BQN-6316,6/15/2025 14:13,6/15/2025 14:23
 40 ,8857-FS,6/15/2025 14:30,6/15/2025 14:56
 160 ,AJM-0319,6/15/2025 15:14,6/15/2025 16:49
 200 ,BNY-7711,6/15/2025 15:16,6/15/2025 17:19
 80 ,ABZ-2555,6/15/2025 17:24,6/15/2025 18:23
 40 ,ASL-5575,6/15/2025 17:38,6/15/2025 18:04
 80 ,BQR-1973,6/15/2025 18:28,6/15/2025 19:24
 80 ,BQS-0862,6/15/2025 18:31,6/15/2025 19:32
 40 ,BEM-7209,6/15/2025 19:42,6/15/2025 20:05
 80 ,6A-3286,6/15/2025 19:56,6/15/2025 20:48
 80 ,RDU-6777,6/15/2025 20:35,6/15/2025 21:16
 20 ,8828-EV,6/15/2025 22:05,6/15/2025 23:40
 30 ,TDZ-5269,6/16/2025 10:30,6/16/2025 11:00
 60 ,RFB-1882,6/16/2025 11:26,6/16/2025 12:24
 90 ,BQY-0283,6/16/2025 11:31,6/16/2025 12:40
 90 ,BCG-9603,6/16/2025 12:26,6/16/2025 13:44
 60 ,REC-1200,6/16/2025 13:40,6/16/2025 14:13
 60 ,BAP-5857,6/16/2025 14:40,6/16/2025 15:23
 30 ,AKR-5031,6/16/2025 16:07,6/16/2025 16:30
 30 ,BJG-8168,6/16/2025 17:46,6/16/2025 17:49
 90 ,BTT-3857,6/16/2025 17:46,6/16/2025 19:35
 60 ,1013-QB,6/16/2025 18:39,6/16/2025 19:12
 150 ,BJX-1958,6/16/2025 19:04,6/16/2025 21:16
 30 ,CBW-0369,6/16/2025 19:22,6/16/2025 19:46
 60 ,BKH-3998,6/16/2025 19:50,6/16/2025 20:38
 120 ,BPJ-7396,6/17/2025 8:59,6/17/2025 10:56
 30 ,BYN-0623,6/17/2025 11:02,6/17/2025 11:29
 330 ,8383-RG,6/17/2025 11:29,6/17/2025 16:47
 90 ,5239-ZR,6/17/2025 11:43,6/17/2025 12:46
 60 ,BGH-2285,6/17/2025 12:53,6/17/2025 13:34
 120 ,BQM-1210,6/17/2025 13:35,6/17/2025 15:22
 30 ,RDT-0667,6/17/2025 17:31,6/17/2025 17:43
 30 ,0522-QG,6/17/2025 17:36,6/17/2025 18:03
 30 ,AAM-5918,6/17/2025 17:45,6/17/2025 18:08
 60 ,BZC-6922,6/17/2025 20:02,6/17/2025 20:40
 30 ,AXB-1795,6/18/2025 11:03,6/18/2025 11:11
 120 ,BLE-2785,6/18/2025 11:54,6/18/2025 13:35
 30 ,BBG-9580,6/18/2025 11:57,6/18/2025 12:28
 60 ,APD-5898,6/18/2025 12:30,6/18/2025 13:08
 60 ,AYM-3881,6/18/2025 14:02,6/18/2025 15:00
 30 ,BKU-6912,6/18/2025 14:23,6/18/2025 14:45
 60 ,RFE-6221,6/18/2025 14:52,6/18/2025 15:42
 90 ,BXB-1205,6/18/2025 15:03,6/18/2025 16:15
 60 ,BPJ-7396,6/18/2025 16:03,6/18/2025 16:44
 60 ,TDZ-5513,6/18/2025 17:12,6/18/2025 17:53
 60 ,LGA-0939,6/18/2025 17:36,6/18/2025 18:26
 60 ,TDN-6558,6/18/2025 18:00,6/18/2025 18:46
 60 ,RDG-9278,6/18/2025 18:34,6/18/2025 19:16
 90 ,3798-M9,6/18/2025 18:50,6/18/2025 20:06
 60 ,RFR-5315,6/18/2025 20:49,6/18/2025 21:20
 30 ,BSQ-5228,6/18/2025 21:41,6/18/2025 22:26
 10 ,0522-QG,6/18/2025 22:46,6/18/2025 23:14
 60 ,BWA-2888,6/19/2025 11:41,6/19/2025 12:13
 60 ,BXJ-5098,6/19/2025 11:43,6/19/2025 12:28
 30 ,BPJ-6200,6/19/2025 12:27,6/19/2025 13:32
 30 ,BXE-9709,6/19/2025 14:53,6/19/2025 15:19
 30 ,BNT-0826,6/19/2025 15:21,6/19/2025 15:40
 390 ,EBH-6051,6/19/2025 15:32,6/19/2025 21:34
 60 ,BKR-3119,6/19/2025 15:46,6/19/2025 16:22
 30 ,RCX-5690,6/19/2025 17:44,6/19/2025 17:51
 90 ,CAA-2277,6/19/2025 18:23,6/19/2025 19:44
 30 ,BZN-8027,6/19/2025 19:46,6/19/2025 20:03
 60 ,BTU-1976,6/19/2025 21:18,6/19/2025 22:05
 60 ,BCG-9603,6/20/2025 9:56,6/20/2025 10:34
 90 ,AAG-8271,6/20/2025 10:56,6/20/2025 12:14
 30 ,BQT-8980,6/20/2025 11:44,6/20/2025 11:56
 60 ,ANN-6768,6/20/2025 12:26,6/20/2025 13:06
 30 ,BBB-2917,6/20/2025 13:08,6/20/2025 13:13
 90 ,EAG-2323,6/20/2025 13:08,6/20/2025 19:40
 60 ,BSR-8815,6/20/2025 14:30,6/20/2025 15:06
 60 ,AUD-5986,6/20/2025 17:18,6/20/2025 18:09
 90 ,BXB-8081,6/20/2025 17:40,6/20/2025 18:47
 90 ,REC-1285,6/20/2025 19:24,6/20/2025 20:42
 30 ,BPR-8583,6/20/2025 22:26,6/21/2025 0:51
 10 ,BNV-2771,6/20/2025 22:57,6/20/2025 23:42
 80 ,ATA-9363,6/21/2025 9:24,6/21/2025 10:12
 80 ,BFQ-6938,6/21/2025 10:33,6/21/2025 11:08
 80 ,1706-EK,6/21/2025 11:02,6/21/2025 11:49
 40 ,ALU-3697,6/21/2025 11:55,6/21/2025 12:17
 40 ,EAE-0858,6/21/2025 12:51,6/21/2025 13:20
 120 ,ANM-9221,6/21/2025 13:08,6/21/2025 14:11
 80 ,BUL-8801,6/21/2025 14:01,6/21/2025 14:44
 80 ,BXP-6353,6/21/2025 14:16,6/21/2025 15:01
 80 ,8E-5415,6/21/2025 15:07,6/21/2025 15:38
 120 ,AAS-8568,6/21/2025 15:20,6/21/2025 16:28
 120 ,BTR-9086,6/21/2025 17:38,6/21/2025 19:03
 40 ,BZN-9029,6/21/2025 19:06,6/21/2025 19:28
 80 ,BFW-2097,6/21/2025 19:34,6/21/2025 20:21
 120 ,RFE-6369,6/21/2025 19:46,6/21/2025 21:04
 120 ,BLW-8688,6/21/2025 20:36,6/21/2025 21:45
 80 ,BVU-5003,6/22/2025 11:01,6/22/2025 11:41
 40 ,BEE-1768,6/22/2025 11:24,6/22/2025 11:50
 80 ,RFA-7200,6/22/2025 11:43,6/22/2025 12:25
 120 ,RFH-5300,6/22/2025 12:17,6/22/2025 13:24
 80 ,AYW-7707,6/22/2025 12:31,6/22/2025 13:15
 80 ,8667-ER,6/22/2025 13:21,6/22/2025 14:09
 40 ,EAG-7169,6/22/2025 13:38,6/22/2025 14:04
 40 ,BKS-9297,6/22/2025 15:16,6/22/2025 15:40
 80 ,TDD-5777,6/22/2025 15:16,6/22/2025 16:08
 80 ,BXK-0157,6/22/2025 15:42,6/22/2025 16:27
 200 ,BTR-9086,6/22/2025 16:15,6/22/2025 18:38
 200 ,0592-S2,6/22/2025 16:33,6/22/2025 19:03
 80 ,TDW-2096,6/22/2025 18:54,6/22/2025 19:47
 80 ,AVF-3839,6/22/2025 19:10,6/22/2025 20:00
 40 ,2511-YL,6/22/2025 19:51,6/22/2025 20:01
 40 ,8E-5415,6/22/2025 20:53,6/22/2025 21:21
 30 ,AKL-7935,6/23/2025 11:25,6/23/2025 11:46
 90 ,BAZ-8219,6/23/2025 12:12,6/23/2025 13:34
 60 ,RFQ-9518,6/23/2025 12:34,6/23/2025 13:06
 60 ,EBC-3516,6/23/2025 13:08,6/23/2025 13:43
 90 ,BWN-8267,6/23/2025 13:45,6/23/2025 15:11
 30 ,BBX-0120,6/23/2025 14:16,6/23/2025 14:39
 60 ,BFS-7717,6/23/2025 15:18,6/23/2025 15:50
 30 ,BAJ-0615,6/23/2025 15:33,6/23/2025 15:35
 60 ,AJN-2073,6/23/2025 15:44,6/23/2025 16:44
 30 ,TDZ-6661,6/23/2025 16:26,6/23/2025 16:54
 30 ,EAG-7169,6/23/2025 17:58,6/23/2025 18:29
 60 ,DN-8839,6/23/2025 18:28,6/23/2025 19:25
 30 ,APJ-8151,6/23/2025 18:44,6/23/2025 19:12
 60 ,EAJ-2797,6/23/2025 19:28,6/23/2025 20:19
 60 ,BXL-8150,6/23/2025 19:55,6/23/2025 20:27
 100 ,BXU-8032,6/23/2025 20:52,6/23/2025 23:26
 60 ,EBB-6763,6/24/2025 10:59,6/24/2025 11:32
 30 ,BST-0793,6/24/2025 11:03,6/24/2025 11:14
 120 ,ADC-8326,6/24/2025 12:31,6/24/2025 14:18
 60 ,BWZ-6900,6/24/2025 13:40,6/24/2025 14:37
 30 ,EBC-8193,6/24/2025 14:20,6/24/2025 14:49
 60 ,RFJ-2326,6/24/2025 15:00,6/24/2025 15:36
 60 ,REA-7221,6/24/2025 16:09,6/24/2025 16:45
 30 ,CAN-6522,6/24/2025 16:13,6/24/2025 16:31
 60 ,BZC-7909,6/24/2025 16:46,6/24/2025 17:21
 150 ,AAB-0085,6/24/2025 17:06,6/24/2025 19:30
 60 ,ANZ-1608,6/24/2025 19:19,6/24/2025 20:07
 550 ,REB-8575,6/24/2025 19:34,6/25/2025 13:01
 30 ,8667-ER,6/24/2025 20:12,6/24/2025 20:36
 620 ,EBH-6051,6/25/2025 0:44,6/25/2025 16:52
 30 ,RFP-3283,6/25/2025 13:23,6/25/2025 13:48
 390 ,BYD-9901,6/25/2025 14:15,6/25/2025 20:29
 90 ,BPJ-7396,6/25/2025 17:02,6/25/2025 18:10
 120 ,BTN-3920,6/25/2025 19:50,6/25/2025 21:47
 90 ,AWY-1635,6/26/2025 9:27,6/26/2025 10:42
 120 ,AJB-9258,6/26/2025 11:32,6/26/2025 13:30
 180 ,5670-J7,6/26/2025 11:32,6/26/2025 14:45
 30 ,BFC-8790,6/26/2025 11:39,6/26/2025 12:07
 30 ,ALR-5031,6/26/2025 12:09,6/26/2025 12:34
 180 ,BCV-1622,6/26/2025 12:38,6/26/2025 15:36
 30 ,CBJ-6256,6/26/2025 14:14,6/26/2025 14:37
 30 ,BXA-6016,6/26/2025 15:08,6/26/2025 15:31
 90 ,EBC-1319,6/26/2025 15:39,6/26/2025 16:46
 30 ,BQX-6758,6/26/2025 16:16,6/26/2025 16:40
 150 ,BSN-3391,6/26/2025 16:50,6/26/2025 18:56
 60 ,BRB-1216,6/26/2025 17:07,6/26/2025 17:55
 30 ,BZN-8027,6/26/2025 18:22,6/26/2025 18:31
 60 ,AKR-9780,6/26/2025 18:33,6/26/2025 19:12
 220 ,AFJ-1078,6/26/2025 18:59,6/26/2025 23:40
 230 ,TDP-0315,6/26/2025 19:48,6/27/2025 6:28
 30 ,BLL-8787,6/27/2025 11:12,6/27/2025 11:17
 90 ,BCG-9603,6/27/2025 12:17,6/27/2025 13:39
 60 ,REB-7025,6/27/2025 12:36,6/27/2025 13:19
 90 ,BUN-2759,6/27/2025 14:42,6/27/2025 15:46
 60 ,AXK-2521,6/27/2025 15:02,6/27/2025 15:51
 180 ,BZD-0167,6/27/2025 15:48,6/27/2025 18:46
 120 ,BWD-5672,6/27/2025 16:23,6/27/2025 18:13
 90 ,8678-J5,6/27/2025 18:52,6/27/2025 20:04
 90 ,2511-YL,6/27/2025 20:30,6/27/2025 21:38
 210 ,AJG-9255,6/28/2025 7:50,6/28/2025 10:27
 40 ,AJG-9255,6/28/2025 10:46,6/28/2025 10:50
 80 ,BFQ-1101,6/28/2025 12:25,6/28/2025 13:14
 40 ,BMD-1111,6/28/2025 13:40,6/28/2025 13:50
 80 ,ATQ-7586,6/28/2025 14:30,6/28/2025 15:20
 120 ,AXH-9721,6/28/2025 15:00,6/28/2025 16:24
 40 ,ATA-9726,6/28/2025 16:02,6/28/2025 16:22
 80 ,BGA-7855,6/28/2025 16:31,6/28/2025 17:11
 40 ,ARG-5392,6/28/2025 16:32,6/28/2025 16:48
 120 ,ATL-2302,6/28/2025 16:57,6/28/2025 17:59
 80 ,EAG-9263,6/28/2025 17:15,6/28/2025 17:54
 40 ,RFV-0828,6/28/2025 18:40,6/28/2025 19:10
 120 ,BAU-3188,6/28/2025 19:12,6/28/2025 20:23
 40 ,EAF-1869,6/29/2025 10:55,6/29/2025 11:19
 80 ,BGA-3306,6/29/2025 11:06,6/29/2025 11:48
 40 ,AJK-7582,6/29/2025 11:27,6/29/2025 11:51
 80 ,CAX-3050,6/29/2025 12:18,6/29/2025 12:50
 80 ,ARF-3762,6/29/2025 12:30,6/29/2025 13:01
 80 ,BUU-8513,6/29/2025 13:30,6/29/2025 14:06
 80 ,7950-EK,6/29/2025 13:53,6/29/2025 14:51
 40 ,AAF-7529,6/29/2025 14:40,6/29/2025 15:11
 80 ,BQP-1975,6/29/2025 16:15,6/29/2025 16:59
 80 ,ANL-9299,6/29/2025 16:24,6/29/2025 17:04
 240 ,BXB-1205,6/29/2025 17:46,6/29/2025 20:30
 320 ,EBH-6051,6/29/2025 17:54,6/29/2025 21:38
 60 ,BHC-6268,6/30/2025 11:23,6/30/2025 12:10
 90 ,ATJ-9250,6/30/2025 12:27,6/30/2025 13:52
 30 ,6685-TM,6/30/2025 13:18,6/30/2025 13:20
 270 ,BGQ-3189,6/30/2025 13:48,6/30/2025 17:55
 30 ,BTN-6951,6/30/2025 13:58,6/30/2025 14:17
 60 ,ATL-2302,6/30/2025 15:43,6/30/2025 16:15
 90 ,BHD-6001,6/30/2025 16:21,6/30/2025 17:40
 270 ,EAK-0701,6/30/2025 17:43,6/30/2025 22:38
 30 ,BZN-8027,6/30/2025 18:08,6/30/2025 18:27
 60 ,BXH-0819,6/30/2025 18:39,6/30/2025 19:24
 60 ,BXG-9720,6/30/2025 19:27,6/30/2025 20:08
 60 ,BXL-8150,6/30/2025 21:10,6/30/2025 22:04
 60 ,BDB-1288,7/1/2025 11:02,7/1/2025 11:40
 30 ,1297-YH,7/1/2025 11:07,7/1/2025 11:36
 60 ,TDH-1396,7/1/2025 11:38,7/1/2025 12:20
 30 ,ANN-6768,7/1/2025 12:25,7/1/2025 12:30
 60 ,BFX-8565,7/1/2025 12:43,7/1/2025 13:34
 90 ,BWZ-69000,7/1/2025 13:59,7/1/2025 15:02
 180 ,CO-3555,7/1/2025 15:45,7/1/2025 18:42
 270 ,BPL-0955,7/1/2025 17:09,7/1/2025 21:13
 60 ,BZE-6628,7/1/2025 19:42,7/1/2025 20:43
 30 ,AJG-9255,7/1/2025 21:34,7/1/2025 22:32
 30 ,BXU-8032,7/1/2025 22:21,7/2/2025 0:47
 30 ,APD-9315,7/2/2025 11:22,7/2/2025 11:49
 150 ,BTE-7789,7/2/2025 12:17,7/2/2025 14:24
 90 ,BCG-9603,7/2/2025 12:37,7/2/2025 13:48
 90 ,BQR-9880,7/2/2025 13:52,7/2/2025 15:11
 30 ,BWF-1127,7/2/2025 14:56,7/2/2025 15:23
 60 ,RCX-0230,7/2/2025 15:20,7/2/2025 16:07
 60 ,TDV-3777,7/2/2025 16:13,7/2/2025 16:56
 30 ,ANZ-3990,7/2/2025 17:05,7/2/2025 17:16
 30 ,BKS-9297,7/2/2025 17:39,7/2/2025 18:10
 90 ,BQB-7130,7/2/2025 20:47,7/2/2025 22:16
 10 ,BWZ-6900,7/2/2025 22:05,7/2/2025 22:54
110,BKS-5178,7/2/2025 23:42,7/3/2025 9:00
 60 ,BST-9723,7/3/2025 9:50,7/3/2025 10:23
 120 ,9573-EG,7/3/2025 10:38,7/3/2025 12:09
 120 ,RFL-1810,7/3/2025 11:54,7/3/2025 13:30
 60 ,AXH-6755,7/3/2025 12:21,7/3/2025 12:53
 30 ,BCG-9603,7/3/2025 12:55,7/3/2025 13:08
 60 ,BEE-2168,7/3/2025 13:37,7/3/2025 14:40
 60 ,BJJ-6163,7/3/2025 13:39,7/3/2025 14:29
 30 ,BXB-7377,7/3/2025 15:12,7/3/2025 15:20
 90 ,BZP-9789,7/3/2025 15:16,7/3/2025 16:35
 30 ,AKR-5031,7/3/2025 15:35,7/3/2025 15:56
 30 ,AWE-7056,7/3/2025 16:00,7/3/2025 16:26
 90 ,6736-ZW,7/3/2025 17:15,7/3/2025 18:33
 60 ,ATN-1959,7/3/2025 17:29,7/3/2025 18:23
 60 ,7922-YT,7/3/2025 18:27,7/3/2025 19:28
 30 ,EAF-5790,7/3/2025 19:18,7/3/2025 19:40
 30 ,BTS-9707,7/3/2025 19:30,7/3/2025 19:55
 120 ,CAL-1777,7/3/2025 20:16,7/3/2025 22:15
 10 ,BQS-8631,7/4/2025 0:31,7/4/2025 0:52
 60 ,BUC-5558,7/4/2025 1:24,7/4/2025 7:12
 500 ,RFT-1227,7/4/2025 6:56,7/4/2025 16:27
 30 ,TDP-0315,7/4/2025 9:51,7/4/2025 10:02
 60 ,BZD-9637,7/4/2025 11:40,7/4/2025 12:21
 90 ,AMK-6611,7/4/2025 12:26,7/4/2025 13:33
 60 ,BXP-5307,7/4/2025 13:37,7/4/2025 14:33
 30 ,ATL-2302,7/4/2025 14:53,7/4/2025 15:06
 30 ,ATH-9758,7/4/2025 15:13,7/4/2025 15:23
 30 ,0013-YQ,7/4/2025 16:13,7/4/2025 16:45
 30 ,ATZ-6626,7/4/2025 17:29,7/4/2025 18:00
 60 ,BGV-3567,7/4/2025 17:57,7/4/2025 18:52
 90 ,BWM-6663,7/4/2025 18:22,7/4/2025 19:30
 90 ,RCE-0069,7/4/2025 18:54,7/4/2025 20:18
 90 ,8E-5415,7/4/2025 19:33,7/4/2025 20:47
 90 ,RFM-3875,7/4/2025 20:33,7/4/2025 22:05
 90 ,1263-UZ,7/4/2025 20:55,7/4/2025 22:05
 80 ,BSV-2828,7/5/2025 11:21,7/5/2025 12:01
 280 ,BFM-8582,7/5/2025 12:51,7/5/2025 15:53
 80 ,BFQ-3777,7/5/2025 13:15,7/5/2025 14:04
 80 ,BFM-5220,7/5/2025 14:14,7/5/2025 14:47
 80 ,ASF-8196,7/5/2025 14:54,7/5/2025 15:41
 80 ,RFE-9819,7/5/2025 15:50,7/5/2025 16:23
 40 ,RDT-0667,7/5/2025 16:20,7/5/2025 16:34
 80 ,AGH-3358,7/5/2025 16:27,7/5/2025 17:06
 40 ,AGP-9268,7/5/2025 17:01,7/5/2025 17:25
 40 ,AKG-3213,7/5/2025 17:01,7/5/2025 19:07
 40 ,AGP-9268,7/5/2025 17:17,7/5/2025 17:20
 360 ,RFH-5963,7/5/2025 17:17,7/5/2025 21:46
 80 ,BBQ-7509,7/5/2025 17:31,7/5/2025 18:16
 120 ,AUQ-3589,7/5/2025 18:17,7/5/2025 19:24
 120 ,VA-8510,7/5/2025 19:31,7/5/2025 20:40
 120 ,RFL-8953,7/5/2025 20:53,7/5/2025 22:28
 60 ,AKE-3331,7/5/2025 22:09,7/6/2025 3:11
 10 ,BXL-8150,7/5/2025 23:22,7/6/2025 0:21
 200 ,RBG-2613,7/6/2025 11:38,7/6/2025 13:44
 80 ,AKU-3611,7/6/2025 12:46,7/6/2025 13:23
 240 ,9009-J6,7/6/2025 13:27,7/6/2025 16:24
 120 ,BSK-8756,7/6/2025 14:03,7/6/2025 15:16
 80 ,BLB-5560,7/6/2025 15:50,7/6/2025 16:36
 200 ,9119-PD,7/6/2025 16:53,7/6/2025 19:13
 40 ,BBP-9580,7/6/2025 17:05,7/6/2025 17:23
 80 ,BZN-8027,7/6/2025 17:26,7/6/2025 17:58
 120 ,BNW-3218,7/6/2025 18:07,7/6/2025 19:13
 120 ,BYN-2759,7/6/2025 20:07,7/6/2025 21:23
 10 ,BTU-7898,7/6/2025 22:27,7/6/2025 23:13
 30 ,BXE-6165,7/7/2025 11:56,7/7/2025 12:10
 60 ,BXF-8277,7/7/2025 12:20,7/7/2025 13:16
 90 ,BCG-9603,7/7/2025 12:28,7/7/2025 13:33
 60 ,BQS-1501,7/7/2025 13:19,7/7/2025 14:20
 30 ,TDY-0569,7/7/2025 14:10,7/7/2025 14:29
 60 ,BFR-1633,7/7/2025 14:31,7/7/2025 15:21
 30 ,AND-3606,7/7/2025 14:38,7/7/2025 15:02
 120 ,AHF-0258,7/7/2025 15:07,7/7/2025 16:41
 60 ,REC-2888,7/7/2025 16:30,7/7/2025 17:15
 30 ,BPL-5886,7/7/2025 16:56,7/7/2025 17:11
 90 ,BGC-5793,7/7/2025 17:48,7/7/2025 19:09
 220 ,BXU-8032,7/7/2025 18:43,7/7/2025 23:40
 30 ,BHV-5778,7/7/2025 19:32,7/7/2025 19:38
 60 ,ANN-6768,7/8/2025 12:29,7/8/2025 13:04
 240 ,EAJ-6639,7/8/2025 13:28,7/8/2025 17:16
 150 ,BVD-1002,7/8/2025 13:42,7/8/2025 16:11
 30 ,TDZ-6661,7/8/2025 16:31,7/8/2025 17:01
 60 ,8356-A8,7/8/2025 17:37,7/8/2025 18:33
 120 ,BLH-2670,7/8/2025 18:38,7/8/2025 20:23
 130 ,BXR-2197,7/8/2025 20:02,7/8/2025 22:13
 30 ,BXG-5658,7/9/2025 11:21,7/9/2025 11:42
 90 ,BXA-9979,7/9/2025 11:45,7/9/2025 12:55
 120 ,ASF-8196,7/9/2025 11:56,7/9/2025 13:32
 30 ,AFM-3999,7/9/2025 13:17,7/9/2025 13:42
 60 ,CAM-7632,7/9/2025 13:55,7/9/2025 14:42
 30 ,RFV-8703,7/9/2025 14:02,7/9/2025 14:32
 30 ,BXK-1762,7/9/2025 14:47,7/9/2025 15:11
 60 ,BGV-3628,7/9/2025 15:07,7/9/2025 16:02
 30 ,AKK-1892,7/9/2025 16:44,7/9/2025 17:02
 120 ,ABJ-3727,7/9/2025 17:06,7/9/2025 18:46
 90 ,BQY-9395,7/9/2025 17:24,7/9/2025 18:44
 30 ,ARF-2097,7/9/2025 19:49,7/9/2025 20:14
 60 ,BWZ-6900,7/9/2025 20:56,7/9/2025 21:46
 30 ,BNV-2577,7/10/2025 0:10,7/10/2025 2:46
 20 ,BAX-5559,7/10/2025 0:32,7/10/2025 1:40
 60 ,BXY-6969,7/10/2025 1:45,7/10/2025 7:18
 30 ,BPM-3893,7/10/2025 8:50,7/10/2025 9:20
 30 ,EAG-7169,7/10/2025 14:31,7/10/2025 14:52
 240 ,BBD-1990,7/10/2025 14:58,7/10/2025 18:35
 60 ,BGH-9365,7/10/2025 18:38,7/10/2025 19:28
 60 ,7310-S9,7/10/2025 19:28,7/10/2025 20:11
 120 ,RDU-2109,7/10/2025 19:34,7/10/2025 21:20
 90 ,BGD-9878,7/10/2025 20:15,7/10/2025 21:44
 30 ,AKR-1986,7/10/2025 21:45,7/10/2025 21:55
 40 ,BWJ-5783,7/10/2025 22:38,7/11/2025 2:02
 60 ,RDZ-2227,7/11/2025 11:30,7/11/2025 12:13
 60 ,BQQ-0896,7/11/2025 11:31,7/11/2025 12:30
 60 ,RFV-6750,7/11/2025 12:34,7/11/2025 13:05
 60 ,3559-MQ,7/11/2025 13:07,7/11/2025 13:50
 60 ,BXH-8788,7/11/2025 13:30,7/11/2025 14:06
 90 ,BQX-9972,7/11/2025 14:02,7/11/2025 15:28
 90 ,BSZ-1055,7/11/2025 15:04,7/11/2025 16:11
 60 ,RFW-2780,7/11/2025 15:37,7/11/2025 16:28
 30 ,RDT-0667,7/11/2025 16:45,7/11/2025 17:06
 60 ,BZC-6922,7/11/2025 16:46,7/11/2025 17:30
 90 ,RDZ-5920,7/11/2025 17:10,7/11/2025 18:20
 120 ,BXK-8566,7/11/2025 19:20,7/11/2025 20:57
 30 ,8677-ER,7/11/2025 20:21,7/11/2025 20:43
 70 ,5516-ZS,7/11/2025 21:02,7/11/2025 22:47
 120 ,AJG-9255,7/12/2025 9:41,7/12/2025 11:00
 80 ,5598-VA,7/12/2025 11:26,7/12/2025 12:06
 80 ,BQP-7123,7/12/2025 12:02,7/12/2025 12:48
 80 ,AKT-2012,7/12/2025 12:12,7/12/2025 12:45
 80 ,BXU-1989,7/12/2025 12:55,7/12/2025 13:45
 80 ,BWZ-6900,7/12/2025 14:05,7/12/2025 15:02
 80 ,BPC-9288,7/12/2025 14:32,7/12/2025 15:08
 80 ,BKS-0299,7/12/2025 15:21,7/12/2025 15:53
 80 ,BBV-6867,7/12/2025 15:23,7/12/2025 16:17
 80 ,BSV-2828,7/12/2025 16:23,7/12/2025 17:13
 40 ,EBA-7883,7/12/2025 17:26,7/12/2025 17:48
 80 ,AXX-6789,7/12/2025 18:34,7/12/2025 19:24
 80 ,RCZ-3776,7/12/2025 19:12,7/12/2025 19:53
 40 ,AKV-8698,7/12/2025 19:55,7/12/2025 20:15
 230 ,RFE-8086,7/12/2025 20:26,7/13/2025 4:47
 80 ,2511-YL,7/12/2025 20:32,7/12/2025 21:31
 460 ,AXK-6988,7/12/2025 22:29,7/13/2025 12:50
 40 ,EAD-7887,7/13/2025 11:05,7/13/2025 11:28
 120 ,AND-3606,7/13/2025 11:58,7/13/2025 13:06
 40 ,6988-T2,7/13/2025 12:52,7/13/2025 13:13
 40 ,BGE-6559,7/13/2025 13:17,7/13/2025 13:20
 120 ,BWT-9122,7/13/2025 13:17,7/28/2025 9:09
 120 ,BUY-3350,7/13/2025 14:30,7/13/2025 15:41
 40 ,9199-EP,7/13/2025 14:55,7/13/2025 15:25
 80 ,BFW-9022,7/13/2025 15:31,7/13/2025 16:27
 80 ,ASB-0887,7/13/2025 16:03,7/13/2025 16:55
 520 ,BZN-3163,7/13/2025 16:31,7/14/2025 6:30
 120 ,AKN-2728,7/13/2025 16:58,7/13/2025 18:01
 120 ,BSK-9228,7/13/2025 18:05,7/13/2025 19:09
 160 ,CAN-6855,7/13/2025 19:12,7/13/2025 20:45
 10 ,BXK-1762,7/13/2025 23:14,7/13/2025 23:48
 30 ,BXG-0761,7/14/2025 2:14,7/14/2025 4:46
 30 ,AJC-8777,7/14/2025 9:54,7/14/2025 10:16
 90 ,TDP-0315,7/14/2025 11:22,7/14/2025 12:49
 30 ,BXF-6518,7/14/2025 11:32,7/14/2025 11:56
 60 ,BZE-5888,7/14/2025 12:21,7/14/2025 13:09
 30 ,BWZ-9135,7/14/2025 13:22,7/14/2025 13:52
 30 ,ATE-0300,7/14/2025 13:31,7/14/2025 14:01
 30 ,BZD-9030,7/14/2025 14:46,7/14/2025 15:12
 90 ,9917-LJ,7/14/2025 16:22,7/14/2025 17:35
 90 ,RFQ-1388,7/14/2025 17:30,7/14/2025 18:48
 60 ,BJU-0202,7/14/2025 18:38,7/14/2025 19:32
 60 ,RFW-2780,7/14/2025 19:04,7/14/2025 19:46
 90 ,RFJ-7725,7/14/2025 19:43,7/14/2025 20:53
 60 ,BKB-1389,7/14/2025 20:00,7/14/2025 20:43
 10 ,BUH-3535,7/15/2025 5:26,7/15/2025 6:19
 150 ,ASF-8196,7/15/2025 9:50,7/15/2025 12:11
 30 ,RDU-6777,7/15/2025 12:45,7/15/2025 13:12
 60 ,AXA-3300,7/15/2025 13:14,7/15/2025 13:51
 30 ,BQY-9395,7/15/2025 15:01,7/15/2025 15:24
 180 ,BVD-1002,7/15/2025 15:31,7/15/2025 18:13
 30 ,AKK-1892,7/15/2025 16:54,7/15/2025 17:07
 90 ,RDT-2211,7/15/2025 17:32,7/15/2025 18:54
 120 ,BUW-5001,7/15/2025 18:26,7/15/2025 20:12
 60 ,ATH-9399,7/15/2025 19:02,7/15/2025 19:54
 30 ,QN-9899,7/16/2025 11:35,7/16/2025 12:01
 30 ,BVS-8928,7/16/2025 12:31,7/16/2025 12:56
 60 ,RFD-2037,7/16/2025 13:23,7/16/2025 13:55
 120 ,BTR-9086,7/16/2025 14:31,7/16/2025 16:14
 60 ,BUH-9687,7/16/2025 15:21,7/16/2025 16:02
 120 ,BBK-2729,7/16/2025 17:43,7/16/2025 19:33
 60 ,BJW-1551,7/16/2025 17:55,7/16/2025 18:46
 190 ,RFE-8086,7/16/2025 20:00,7/17/2025 4:07
 60 ,RFH-0657,7/17/2025 11:11,7/17/2025 11:42
 90 ,9086-AB,7/17/2025 12:44,7/17/2025 14:14
 30 ,ASB-3620,7/17/2025 12:47,7/17/2025 13:40
 60 ,BFP-6677,7/17/2025 16:05,7/17/2025 16:56
 60 ,BJY-3339,7/17/2025 16:12,7/17/2025 16:46
 60 ,BGM-1997,7/17/2025 16:50,7/17/2025 17:22
 320 ,BBK-0927,7/17/2025 17:09,7/17/2025 23:23
 180 ,BFP-6677,7/17/2025 18:16,7/17/2025 20:50
 90 ,BXY-6969,7/17/2025 21:07,7/17/2025 0:19
 30 ,BVT-0056,7/18/2025 11:20,7/18/2025 11:47
 360 ,BGF-1596,7/18/2025 11:47,7/18/2025 17:47
 120 ,BVS-0987,7/18/2025 11:59,7/18/2025 13:36
 120 ,0177-DV,7/18/2025 14:36,7/18/2025 16:12
 180 ,BFM-8582,7/18/2025 17:40,7/18/2025 20:27
 60 ,AUC-7163,7/18/2025 17:51,7/18/2025 18:51
 60 ,RDT-7771,7/18/2025 19:19,7/18/2025 19:59
 90 ,ARE-2096,7/18/2025 20:57,7/18/2025 22:25
 40 ,BWB-0733,7/19/2025 10:28,7/19/2025 10:55
 120 ,1706-EK,7/19/2025 11:04,7/19/2025 12:17
 40 ,BTN-1096,7/19/2025 11:28,7/19/2025 11:46
 40 ,AXH-3353,7/19/2025 11:49,7/19/2025 12:12
 120 ,BSK-1958,7/19/2025 12:26,7/19/2025 13:37
 80 ,BTU-8003,7/19/2025 12:29,7/19/2025 13:20
 360 ,BHM-5852,7/19/2025 13:26,7/19/2025 17:36
 120 ,1812-S5,7/19/2025 13:42,7/19/2025 14:44
 160 ,AXE-3096,7/19/2025 14:53,7/19/2025 16:50
 40 ,BXC-6583,7/19/2025 17:16,7/19/2025 17:44
 120 ,2453-B8,7/19/2025 18:37,7/19/2025 19:57
 120 ,BFU-9531,7/19/2025 18:43,7/19/2025 19:54
 40 ,EBC-7895,7/19/2025 19:56,7/19/2025 20:19
 40 ,AXB-6676,7/20/2025 11:01,7/20/2025 11:32
 80 ,BYA-0215,7/20/2025 11:34,7/20/2025 12:24
 40 ,AFG-9997,7/20/2025 11:45,7/20/2025 12:11
 80 ,ARE-6197,7/20/2025 12:13,7/20/2025 12:52
 80 ,EAG-0635,7/20/2025 12:38,7/20/2025 13:23
 80 ,BXV-1758,7/20/2025 13:00,7/20/2025 13:51
 80 ,ATQ-1852,7/20/2025 13:25,7/20/2025 14:00
 120 ,BFM-3963,7/20/2025 13:53,7/20/2025 15:12
 160 ,EBA-0569,7/20/2025 14:09,7/20/2025 15:55
 200 ,9711-YM,7/20/2025 15:26,7/20/2025 17:46
 40 ,BHM-0253,7/20/2025 16:19,7/20/2025 16:49
 80 ,BTA-2580,7/20/2025 16:59,7/20/2025 17:41
 120 ,7677-L3,7/20/2025 17:52,7/20/2025 19:03
 80 ,APL-0352,7/20/2025 18:00,7/20/2025 18:42
 160 ,BKK-2362,7/20/2025 19:41,7/20/2025 21:39
 120 ,BMR-0585,7/20/2025 19:57,7/20/2025 21:09
 120 ,BPJ-7396,7/21/2025 11:42,7/21/2025 13:15
 30 ,BRG-7788,7/21/2025 11:43,7/21/2025 12:09
 30 ,EAB-2677,7/21/2025 12:27,7/21/2025 12:57
 120 ,BCG-9603,7/21/2025 12:59,7/21/2025 14:33
 30 ,3311-YM,7/21/2025 14:07,7/21/2025 14:17
 210 ,AXG-9911,7/21/2025 17:23,7/21/2025 20:28
 30 ,VA-3707,7/21/2025 18:08,7/21/2025 18:36
 30 ,8667-ER,7/21/2025 20:28,7/21/2025 20:55
 120 ,RCD-5720,7/22/2025 10:14,7/22/2025 11:49
 60 ,BPP-0101,7/22/2025 10:44,7/22/2025 11:36
 30 ,AUF-2920,7/22/2025 11:42,7/22/2025 11:53
 120 ,BHA-0630,7/22/2025 12:18,7/22/2025 14:08
 60 ,BBK-2656,7/22/2025 12:27,7/22/2025 13:08
 330 ,AUD-1173,7/22/2025 14:29,7/22/2025 19:51
 60 ,AMY-9335,7/22/2025 15:42,7/22/2025 16:34
 90 ,BVV-2909,7/22/2025 16:48,7/22/2025 18:17
 90 ,ANV-7665,7/22/2025 18:46,7/22/2025 20:06
 10 ,BKK-2362,7/22/2025 22:46,7/22/2025 23:19
 90 ,BKY-6055,7/23/2025 11:15,7/23/2025 12:25
 30 ,BQX-2001,7/23/2025 12:09,7/23/2025 12:33
 60 ,BAJ-7895,7/23/2025 12:30,7/23/2025 13:05
 60 ,BFW-6575,7/23/2025 12:37,7/23/2025 13:22
 60 ,BVQ-6988,7/23/2025 13:18,7/23/2025 13:49
 150 ,BHX-6626,7/23/2025 13:57,7/23/2025 16:01
 120 ,EBB-0009,7/23/2025 15:04,7/23/2025 16:43
 90 ,BPT-3008,7/23/2025 17:06,7/23/2025 18:26
 30 ,BTR-5157,7/23/2025 18:09,7/23/2025 18:33
 90 ,BXB-1205,7/23/2025 19:19,7/23/2025 20:38
 180 ,5910-J8,7/23/2025 19:22,7/23/2025 22:06
 30 ,ASL-5575,7/24/2025 11:59,7/24/2025 12:23
 60 ,BCG-9603,7/24/2025 12:28,7/24/2025 13:02
 60 ,EBC-6815,7/24/2025 12:53,7/24/2025 13:53
 30 ,0212-EP,7/24/2025 13:26,7/24/2025 13:57
 30 ,AMS-9589,7/24/2025 14:31,7/24/2025 14:50
 30 ,RFP-3677,7/24/2025 14:39,7/24/2025 14:51
 60 ,TDV-5008,7/24/2025 15:43,7/24/2025 16:25
 60 ,BQW-2872,7/24/2025 16:27,7/24/2025 17:02
 30 ,BUX-1311,7/24/2025 18:35,7/24/2025 19:00
 60 ,BSK-1958,7/24/2025 18:37,7/24/2025 19:15
 60 ,RFW-2780,7/24/2025 19:09,7/24/2025 19:51
 60 ,BLL-8787,7/25/2025 11:35,7/25/2025 12:17
 60 ,BWZ-9387,7/25/2025 12:07,7/25/2025 12:44
 30 ,BFB-0079,7/25/2025 12:23,7/25/2025 12:52
 60 ,ATE-6650,7/25/2025 13:00,7/25/2025 13:45
 60 ,RFS-1590,7/25/2025 14:25,7/25/2025 15:05
 60 ,BTV-0877,7/25/2025 14:25,7/25/2025 15:22
 180 ,AMG-6282,7/25/2025 14:26,7/25/2025 17:18
 90 ,BBT-6063,7/25/2025 16:04,7/25/2025 17:11
 90 ,BVU-9192,7/25/2025 18:18,7/25/2025 19:28
 60 ,RCL-8963,7/25/2025 18:20,7/25/2025 19:14
 90 ,RDG-9278,7/25/2025 19:25,7/25/2025 20:50
 110 ,AXU-8032,7/25/2025 20:55,7/26/2025 0:04
 80 ,AJF-3863,7/25/2025 21:46,7/26/2025 3:26
 40 ,AGU-6566,7/26/2025 11:26,7/26/2025 11:57
 200 ,BBB-0566,7/26/2025 11:35,7/26/2025 13:54
 200 ,ANN-7157,7/26/2025 11:58,7/26/2025 14:06
 120 ,BDH-9369,7/26/2025 14:00,7/26/2025 15:14
 80 ,BHX-6626,7/26/2025 14:12,7/26/2025 15:02
 120 ,BFS-7896,7/26/2025 16:29,7/26/2025 17:36
 80 ,AUR-1109,7/26/2025 16:46,7/26/2025 17:26
 80 ,BZQ-1659,7/26/2025 17:29,7/26/2025 18:11
 160 ,BYM-1199,7/26/2025 17:42,7/26/2025 19:24
 80 ,REA-2597,7/26/2025 18:19,7/26/2025 18:57
 80 ,ATH-9399,7/26/2025 19:02,7/26/2025 19:53
 160 ,TDZ-9680,7/26/2025 19:29,7/26/2025 21:05
 120 ,BLL-6096,7/26/2025 19:58,7/26/2025 22:49
 80 ,BLQ-7979,7/27/2025 10:34,7/27/2025 11:25
 40 ,1288-L2,7/27/2025 11:15,7/27/2025 11:37
 40 ,BWS-1131,7/27/2025 12:02,7/27/2025 12:29
 80 ,CBW-8660,7/27/2025 12:05,7/27/2025 12:47
 80 ,9115-M5,7/27/2025 12:36,7/27/2025 13:13
 160 ,RFE-8086,7/27/2025 12:48,7/27/2025 14:47
 80 ,RFH-5113,7/27/2025 13:16,7/27/2025 13:57
 80 ,BVV-6396,7/27/2025 14:45,7/27/2025 15:17
 80 ,BPJ-7396,7/27/2025 14:57,7/27/2025 15:58
 80 ,BSK-5188,7/27/2025 15:36,7/27/2025 16:11
 80 ,CBJ-6535,7/27/2025 16:04,7/27/2025 16:37
 40 ,BJX-2938,7/27/2025 16:36,7/27/2025 17:04
 80 ,ACM-3199,7/27/2025 16:49,7/27/2025 17:40
 120 ,BTR-9086,7/27/2025 17:07,7/27/2025 18:34
 240 ,Aug-88,7/27/2025 17:44,7/27/2025 20:31
 40 ,ANW-5137,7/27/2025 18:36,7/27/2025 19:01
 240 ,BSA-7556,7/27/2025 19:09,7/27/2025 21:50
 30 ,BXN-6576,7/28/2025 10:16,7/28/2025 10:31
 60 ,AWQ-8018,7/28/2025 10:34,7/28/2025 11:31
 30 ,BTS-9905,7/28/2025 10:46,7/28/2025 11:16
 30 ,BBS-9618,7/28/2025 11:37,7/28/2025 12:05
 30 ,BWZ-8685,7/28/2025 12:10,7/28/2025 12:34
 60 ,6687-QL,7/28/2025 12:29,7/28/2025 13:20
 90 ,BCE-1268,7/28/2025 12:39,7/28/2025 13:48
 60 ,BQS-0168,7/28/2025 13:23,7/28/2025 14:04
 60 ,AKP-2989,7/28/2025 14:08,7/28/2025 14:42
 30 ,BLA-1117,7/28/2025 14:17,7/28/2025 14:40
 60 ,AUB-9216,7/28/2025 14:45,7/28/2025 15:30
 90 ,BXD-2028,7/28/2025 15:36,7/28/2025 16:55
 90 ,AGP-0826,7/28/2025 17:06,7/28/2025 18:30
 30 ,BGQ-2236,7/28/2025 18:35,7/28/2025 18:49
 30 ,BFV-0986,7/28/2025 18:51,7/28/2025 19:21
 60 ,EBH-0172,7/28/2025 19:38,7/28/2025 20:10
 30 ,BBV-1168,7/28/2025 20:17,7/28/2025 20:38
 90 ,BXU-8032,7/28/2025 21:08,7/29/2025 0:46
 90 ,BXH-8788,7/29/2025 11:51,7/29/2025 13:04
 90 ,CBY-1012,7/29/2025 12:10,7/29/2025 13:18
 60 ,2953-A2,7/29/2025 13:08,7/29/2025 13:45
 90 ,BNG-0399,7/29/2025 13:42,7/29/2025 14:58
 60 ,RFL-8006,7/29/2025 14:02,7/29/2025 14:50
 120 ,BXA-0685,7/29/2025 15:12,7/29/2025 17:12
 60 ,BRB-1216,7/29/2025 15:26,7/29/2025 16:21
 30 ,RFR-2277,7/29/2025 17:46,7/29/2025 18:07
 60 ,BZC-6922,7/29/2025 20:42,7/29/2025 21:35
 550 ,BZZ-9962,7/30/2025 7:36,7/30/2025 16:46
 30 ,BWF-1127,7/30/2025 11:26,7/30/2025 11:43
 30 ,BTN-7383,7/30/2025 12:13,7/30/2025 12:14
 150 ,BTN-7383,7/30/2025 12:13,7/30/2025 14:15
 30 ,BSM-6037,7/30/2025 16:45,7/30/2025 16:59
 60 ,BBN-8868,7/30/2025 19:02,7/30/2025 19:40
 270 ,RFJ-0671,7/31/2025 2:30,8/11/2025 11:00
 150 ,BBS-9618,7/31/2025 2:30,7/31/2025 9:28
 580 ,BZN-9962,7/31/2025 7:34,7/31/2025 17:05
 240 ,BCJ-5556,7/31/2025 11:33,7/31/2025 15:11
 60 ,TDP-6222,7/31/2025 15:20,7/31/2025 16:05
 90 ,BFA-5553,7/31/2025 16:23,7/31/2025 17:46
 90 ,BZN-7287,7/31/2025 17:47,7/31/2025 19:02
 60 ,BWW-0930,7/31/2025 18:00,7/31/2025 18:39
 60 ,ATT-7007,7/31/2025 19:12,7/31/2025 20:01
 30 ,BHS-9067,7/31/2025 19:16,7/31/2025 19:46
 30 ,BVU-5869,7/31/2025 20:14,7/31/2025 20:42
 10 ,BXL-8150,7/31/2025 22:55,7/31/2025 23:36
 510 ,BZN-9962,8/1/2025 8:19,8/1/2025 16:29
 90 ,BPJ-7396,8/1/2025 10:02,8/1/2025 11:11
 60 ,ASK-1168,8/1/2025 11:27,8/1/2025 12:04
 120 ,5578-J3,8/1/2025 12:06,8/1/2025 13:46
 30 ,BXG-1359,8/1/2025 13:49,8/1/2025 14:19
 30 ,AXK-5216,8/1/2025 14:19,8/1/2025 14:40
 60 ,BMH-1897,8/1/2025 14:49,8/1/2025 15:42
 30 ,8178-H5,8/1/2025 15:58,8/1/2025 16:27
 30 ,RDF-0652,8/1/2025 17:49,8/1/2025 18:12
 30 ,EAG-5822,8/1/2025 17:55,8/1/2025 18:03
 90 ,RDX-8655,8/1/2025 18:30,8/1/2025 19:41
 30 ,AWJ-9207,8/1/2025 18:32,8/1/2025 19:00
 150 ,AKW-3250,8/1/2025 19:35,8/1/2025 22:31
 60 ,AKY-1010,8/1/2025 19:45,8/1/2025 20:20
 40 ,ANX-9888,8/2/2025 12:00,8/2/2025 12:25
 80 ,BPK-3585,8/2/2025 12:18,8/2/2025 12:57
 80 ,BEH-7567,8/2/2025 12:35,8/2/2025 13:38
 120 ,AAN-3827,8/2/2025 13:08,8/2/2025 14:10
 40 ,4569-YD,8/2/2025 13:40,8/2/2025 13:57
 120 ,BZQ-0106,8/2/2025 14:53,8/2/2025 16:05
 80 ,BBC-3171,8/2/2025 14:56,8/2/2025 15:46
 120 ,1701-S5,8/2/2025 15:55,8/2/2025 17:08
 200 ,REC-2116,8/2/2025 16:08,8/2/2025 18:21
 80 ,REC-5202,8/2/2025 17:10,8/2/2025 17:59
 80 ,BXC-6583,8/2/2025 18:26,8/2/2025 19:09
 40 ,8A-9523,8/2/2025 18:46,8/2/2025 19:13
 120 ,AWL-5878,8/2/2025 18:46,8/2/2025 20:39
 40 ,8A-9523,8/2/2025 19:24,8/2/2025 19:44
 280 ,BTP-7399,8/2/2025 19:24,8/3/2025 1:56
 40 ,EAC-2528,8/3/2025 9:45,8/3/2025 10:08
 120 ,APF-9571,8/3/2025 11:01,8/3/2025 12:23
 120 ,AXJ-3203,8/3/2025 11:42,8/3/2025 13:00
 40 ,BFW-8336,8/3/2025 12:35,8/3/2025 13:06
 40 ,BZC-0703,8/3/2025 13:03,8/3/2025 13:34
 120 ,AJG-9255,8/3/2025 13:54,8/3/2025 15:08
 80 ,BJX-0890,8/3/2025 15:14,8/3/2025 15:54
 200 ,BTR-9086,8/3/2025 16:09,8/3/2025 18:38
 310 ,BAJ-8058,8/3/2025 18:36,8/4/2025 0:54
 80 ,BBN-3315,8/3/2025 18:41,8/3/2025 19:37
 80 ,BHX-6626,8/3/2025 20:40,8/3/2025 21:22
 210 ,BBH-1075,8/4/2025 9:58,8/4/2025 13:12
 60 ,LL4-3622,8/4/2025 11:00,8/4/2025 11:35
 30 ,BEM-9278,8/4/2025 11:50,8/4/2025 12:03
 90 ,BCG-9603,8/4/2025 12:39,8/4/2025 13:54
 60 ,BJK-7726,8/4/2025 13:22,8/4/2025 14:20
 60 ,BZY-8756,8/4/2025 15:24,8/4/2025 16:21
 30 ,BRS-5666,8/4/2025 16:45,8/4/2025 17:12
 60 ,BBS-5655,8/4/2025 17:45,8/4/2025 18:33
 30 ,BQN-2523,8/4/2025 18:30,8/4/2025 19:00
 60 ,BYN-2759,8/4/2025 19:17,8/4/2025 20:14
 120 ,BPJ-7396,8/5/2025 11:04,8/5/2025 12:38
 30 ,CAM-1186,8/5/2025 12:06,8/5/2025 12:36
 60 ,BUN-9957,8/5/2025 15:56,8/5/2025 16:54
 60 ,ATL-9616,8/5/2025 16:03,8/5/2025 17:02
 60 ,BGB-8699,8/5/2025 21:22,8/5/2025 22:19
 30 ,AAC-6925,8/6/2025 11:33,8/6/2025 12:03
 30 ,AKR-5031,8/6/2025 12:05,8/6/2025 12:33
 90 ,RFT-0309,8/6/2025 12:10,8/6/2025 13:25
 210 ,BJW-1503,8/6/2025 13:21,8/6/2025 16:36
 270 ,RFW-5370,8/6/2025 13:34,8/6/2025 17:43
 60 ,RFF-1591,8/6/2025 17:52,8/6/2025 18:37
 30 ,BTS-6607,8/6/2025 18:49,8/6/2025 19:12
 60 ,RDZ-7880,8/6/2025 19:24,8/6/2025 20:00
 90 ,BKS-8276,8/6/2025 19:26,8/6/2025 20:33
 60 ,BCN-0652,8/7/2025 11:22,8/7/2025 12:16
 30 ,APU-5832,8/7/2025 11:38,8/7/2025 11:53
 60 ,RFH-6101,8/7/2025 12:00,8/7/2025 12:37
 90 ,BYK-3610,8/7/2025 12:22,8/7/2025 13:29
 60 ,BKK-6609,8/7/2025 12:48,8/7/2025 13:24
 90 ,TDU-8363,8/7/2025 13:41,8/7/2025 15:04
 60 ,BYF-9783,8/7/2025 16:53,8/7/2025 17:25
 60 ,BWW-0930,8/7/2025 17:02,8/7/2025 17:41
" 1,220 ",BVG-6550,8/7/2025 17:39,8/8/2025 23:01
 60 ,AXH-6265,8/7/2025 19:07,8/7/2025 19:46
 90 ,4026-YN,8/7/2025 19:51,8/7/2025 21:15
 70 ,RDD-0073,8/7/2025 21:42,8/8/2025 2:15
 60 ,BPJ-7396,8/8/2025 9:43,8/8/2025 10:42
 30 ,BLL-8787,8/8/2025 11:47,8/8/2025 11:51
 150 ,BUY-5850,8/8/2025 12:20,8/8/2025 14:39
 30 ,BQP-0630,8/8/2025 15:01,8/8/2025 15:25
 30 ,BLN-7166,8/8/2025 15:45,8/8/2025 16:06
 120 ,EBB-0009,8/8/2025 17:15,8/8/2025 19:01
 60 ,1701-S5,8/8/2025 19:24,8/8/2025 20:09
 40 ,RBH-9382,8/9/2025 10:19,8/9/2025 10:28
 40 ,ABZ-8393,8/9/2025 11:33,8/9/2025 11:42
 40 ,CAN-8668,8/9/2025 11:55,8/9/2025 12:23
 80 ,BUZ-8686,8/9/2025 12:06,8/9/2025 12:45
 40 ,BTU-6257,8/9/2025 12:27,8/9/2025 12:53
 120 ,AJG-9255,8/9/2025 12:45,8/9/2025 13:47
 80 ,BLG-7331,8/9/2025 12:57,8/9/2025 13:36
 40 ,7693-QG,8/9/2025 13:39,8/9/2025 14:05
 80 ,CAP-9899,8/9/2025 14:04,8/9/2025 14:39
 40 ,EBC-7895,8/9/2025 14:13,8/9/2025 14:38
 40 ,BWB-0733,8/9/2025 14:51,8/9/2025 15:01
 40 ,BMD-1111,8/9/2025 15:17,8/9/2025 15:29
 120 ,7950-EK,8/9/2025 15:35,8/9/2025 16:43
 120 ,BGB-3566,8/9/2025 15:43,8/9/2025 17:14
 40 ,BBH-5788,8/9/2025 16:50,8/9/2025 17:21
 40 ,BVH-3669,8/9/2025 17:27,8/9/2025 17:51
 40 ,BXD-9519,8/9/2025 17:36,8/9/2025 17:45
 160 ,S9-7725,8/9/2025 17:48,8/9/2025 19:50
 120 ,BXH-0819,8/9/2025 18:00,8/9/2025 19:29
 80 ,EAF-3625,8/9/2025 19:34,8/9/2025 20:13
 80 ,BBQ-1728,8/9/2025 20:30,8/9/2025 21:24
 90 ,BAZ-1827,8/9/2025 21:12,8/9/2025 22:34
 80 ,BXD-9317,8/10/2025 10:32,8/10/2025 11:22
 40 ,RFE-7097,8/10/2025 11:26,8/10/2025 11:56
 80 ,BUR-5531,8/10/2025 12:04,8/10/2025 12:42
 80 ,BZD-2500,8/10/2025 12:48,8/10/2025 13:37
 80 ,BTV-9825,8/10/2025 13:06,8/10/2025 13:50
 80 ,BFB-1197,8/10/2025 14:02,8/10/2025 14:36
 80 ,BEF-2690,8/10/2025 14:08,8/10/2025 14:42
 80 ,AXK-2280,8/10/2025 14:40,8/10/2025 15:22
 40 ,APJ-9069,8/10/2025 15:27,8/10/2025 15:56
 200 ,BBS-1183,8/10/2025 16:10,8/10/2025 18:33
 160 ,ANB-8379,8/10/2025 16:26,8/10/2025 18:11
 120 ,BPT-0728,8/10/2025 18:14,8/10/2025 19:20
 120 ,BAU-7879,8/10/2025 18:32,8/10/2025 19:57
 120 ,BEN-6068,8/10/2025 19:24,8/10/2025 20:48
 200 ,BQM-6115,8/10/2025 20:10,8/11/2025 1:41
 30 ,BDG-3388,8/11/2025 9:26,8/11/2025 9:46
 90 ,BCG-9603,8/11/2025 12:30,8/11/2025 13:38
 270 ,AJG-5102,8/11/2025 12:43,8/11/2025 16:59
 30 ,3673-TK,8/11/2025 14:09,8/11/2025 14:27
 90 ,BUS-9191,8/11/2025 14:58,8/11/2025 16:11
 60 ,BXQ-1823,8/11/2025 16:19,8/11/2025 17:09
 60 ,EBH-0585,8/11/2025 17:46,8/11/2025 18:26
 30 ,CBX-0827,8/11/2025 18:19,8/11/2025 18:27
 60 ,AGE-3022,8/11/2025 18:37,8/11/2025 19:35
 60 ,BTQ-6811,8/11/2025 18:51,8/11/2025 19:25
 60 ,BBA-3117,8/11/2025 19:34,8/11/2025 20:27
 30 ,3160-L8,8/11/2025 19:46,8/11/2025 20:16
 490 ,RFQ-7878,8/11/2025 21:38,8/12/2025 14:02
 80 ,BXU-8032,8/11/2025 22:24,8/12/2025 6:07
 60 ,BPJ-7396,8/12/2025 8:59,8/12/2025 9:58
 60 ,BTQ-6126,8/12/2025 11:17,8/12/2025 12:03
 60 ,ANW-1002,8/12/2025 12:33,8/12/2025 13:10
 60 ,BCG-9603,8/12/2025 13:17,8/12/2025 13:51
 60 ,BJZ-0235,8/12/2025 13:57,8/12/2025 14:32
 60 ,CBW-2637,8/12/2025 14:58,8/12/2025 15:58
 60 ,BNR-1386,8/12/2025 17:31,8/12/2025 18:05
 90 ,BFX-5558,8/12/2025 17:33,8/12/2025 19:02
 60 ,BVU-7768,8/12/2025 18:08,8/12/2025 18:43
 120 ,ATW-9855,8/12/2025 18:52,8/12/2025 20:26
 60 ,RFW-2780,8/12/2025 19:04,8/12/2025 19:53
 60 ,EBB-0009,8/12/2025 20:19,8/12/2025 21:04
 210 ,CAL-5770,8/12/2025 20:29,8/13/2025 9:37
 60 ,BCW-5288,8/13/2025 10:55,8/13/2025 11:35
 90 ,BPJ-7396,8/13/2025 11:07,8/13/2025 12:33
 30 ,ATA-9726,8/13/2025 12:02,8/13/2025 12:30
 30 ,RFP-3677,8/13/2025 13:06,8/13/2025 13:24
 30 ,BUV-2130,8/13/2025 13:16,8/13/2025 13:36
 90 ,BTA-1918,8/13/2025 13:38,8/13/2025 14:58
 30 ,0256-KH,8/13/2025 14:45,8/13/2025 15:00
 90 ,BXS-5606,8/13/2025 15:50,8/13/2025 17:14
 60 ,AKK-8003,8/13/2025 16:21,8/13/2025 17:13
 30 ,3707-VA,8/13/2025 18:02,8/13/2025 18:19
 60 ,BMV-5178,8/13/2025 18:27,8/13/2025 18:59
 120 ,BTQ-6126,8/13/2025 18:32,8/13/2025 20:26
 30 ,3677-S3,8/13/2025 19:11,8/13/2025 19:33
 30 ,8290-YC,8/13/2025 19:41,8/13/2025 20:06
 90 ,BVU-8278,8/13/2025 20:33,8/13/2025 22:24
 60 ,CAN-6218,8/13/2025 21:16,8/13/2025 21:56
 60 ,EAE-2772,8/14/2025 11:34,8/14/2025 12:12
 30 ,6511-H7,8/14/2025 11:42,8/14/2025 12:05
 30 ,5938-Q9,8/14/2025 12:14,8/14/2025 12:41
 90 ,BNX-9222,8/14/2025 12:56,8/14/2025 14:12
 150 ,BXR-5617,8/14/2025 17:00,8/14/2025 19:09
 60 ,AUK-5388,8/14/2025 17:25,8/14/2025 18:17
 60 ,6462-QZ,8/14/2025 18:55,8/14/2025 19:37
 160 ,AJN-2073,8/14/2025 19:39,8/14/2025 23:38
 30 ,5569-J7,8/15/2025 11:41,8/15/2025 11:59
 30 ,ARF-3762,8/15/2025 12:35,8/15/2025 13:02
 30 ,BWY-0977,8/15/2025 12:36,8/15/2025 12:43
 30 ,ARL-6002,8/15/2025 12:55,8/15/2025 13:22
 30 ,BEN-8982,8/15/2025 13:20,8/15/2025 13:34
 30 ,APB-3223,8/15/2025 13:38,8/15/2025 14:07
